period,revenue,active_tenants,occupied_beds,usable_beds,occupancy_rate,collections,collection_rate,eb_billed,month_num,quarter,sin_m,cos_m,rev_lag1,rev_lag2,rev_lag3,rev_roll3,active_lag1,occ_lag1,usable_lag1,occrate_lag1,coll_lag1,collrate_lag1,eb_billed_lag1,period_dt
2024-02,709259,115,113,145,0.7793,748945,1.056,180549.0,2,1,0.8660254037844386,0.5000000000000001,,,,,,,,,,,,2024-02-01
2024-03,815577,130,129,145,0.8897,915556,1.1226,236598.0,3,1,1.0,6.123233995736766e-17,709259.0,,,,115.0,113.0,145.0,0.7793,748945.0,1.056,180549.0,2024-03-01
2024-04,984882,137,137,145,0.9448,1487145,1.51,261742.0,4,2,0.8660254037844387,-0.4999999999999998,815577.0,709259.0,,,130.0,129.0,145.0,0.8897,915556.0,1.1226,236598.0,2024-04-01
2024-05,1058515,155,153,145,1.0,1264486,1.1946,321288.0,5,2,0.49999999999999994,-0.8660254037844387,984882.0,815577.0,709259.0,836572.6666666666,137.0,137.0,145.0,0.9448,1487145.0,1.51,261742.0,2024-05-01
2024-06,1115718,143,139,145,0.9586,1155578,1.0357,292248.0,6,2,1.2246467991473532e-16,-1.0,1058515.0,984882.0,815577.0,952991.3333333334,155.0,153.0,145.0,1.0,1264486.0,1.1946,321288.0,2024-06-01
2024-07,1124765,150,145,145,1.0,1683915,1.4971,302990.0,7,3,-0.4999999999999997,-0.8660254037844388,1115718.0,1058515.0,984882.0,1053038.3333333333,143.0,139.0,145.0,0.9586,1155578.0,1.0357,292248.0,2024-07-01
2024-08,1296783,155,151,155,0.9742,1506587,1.1618,299954.0,8,3,-0.8660254037844385,-0.5000000000000004,1124765.0,1115718.0,1058515.0,1099666.0,150.0,145.0,145.0,1.0,1683915.0,1.4971,302990.0,2024-08-01
2024-09,1398120,158,152,166,0.9157,1611278,1.1525,281304.0,9,3,-1.0,-1.8369701987210297e-16,1296783.0,1124765.0,1115718.0,1179088.6666666667,155.0,151.0,155.0,0.9742,1506587.0,1.1618,299954.0,2024-09-01
2024-10,1436431,153,150,170,0.8824,1634519,1.1379,253259.0,10,4,-0.8660254037844386,0.5000000000000001,1398120.0,1296783.0,1124765.0,1273222.6666666667,158.0,152.0,166.0,0.9157,1611278.0,1.1525,281304.0,2024-10-01
2024-11,1486118,149,147,170,0.8647,1622186,1.0916,225410.0,11,4,-0.5000000000000004,0.8660254037844384,1436431.0,1398120.0,1296783.0,1377111.3333333333,153.0,150.0,170.0,0.8824,1634519.0,1.1379,253259.0,2024-11-01
2024-12,1535358,149,146,170,0.8588,1692951,1.1026,188848.0,12,4,-2.4492935982947064e-16,1.0,1486118.0,1436431.0,1398120.0,1440223.0,149.0,147.0,170.0,0.8647,1622186.0,1.0916,225410.0,2024-12-01
2025-01,1723232,144,140,170,0.8235,2172818,1.2609,191960.0,1,1,0.49999999999999994,0.8660254037844387,1535358.0,1486118.0,1436431.0,1485969.0,149.0,146.0,170.0,0.8588,1692951.0,1.1026,188848.0,2025-01-01
2025-02,2056307,165,159,170,0.9353,2390917,1.1627,212513.0,2,1,0.8660254037844386,0.5000000000000001,1723232.0,1535358.0,1486118.0,1581569.3333333333,144.0,140.0,170.0,0.8235,2172818.0,1.2609,191960.0,2025-02-01
2025-03,2242184,165,159,170,0.9353,2623315,1.17,305633.0,3,1,1.0,6.123233995736766e-17,2056307.0,1723232.0,1535358.0,1771632.3333333333,165.0,159.0,170.0,0.9353,2390917.0,1.1627,212513.0,2025-03-01
2025-04,2423713,170,162,170,0.9529,2762768,1.1399,331905.0,4,2,0.8660254037844387,-0.4999999999999998,2242184.0,2056307.0,1723232.0,2007241.0,165.0,159.0,170.0,0.9353,2623315.0,1.17,305633.0,2025-04-01
2025-05,2649988,158,153,170,0.9,2805811,1.0588,328837.0,5,2,0.49999999999999994,-0.8660254037844387,2423713.0,2242184.0,2056307.0,2240734.6666666665,170.0,162.0,170.0,0.9529,2762768.0,1.1399,331905.0,2025-05-01
2025-06,2840893,167,166,170,0.9765,3622825,1.2752,347178.0,6,2,1.2246467991473532e-16,-1.0,2649988.0,2423713.0,2242184.0,2438628.3333333335,158.0,153.0,170.0,0.9,2805811.0,1.0588,328837.0,2025-06-01
2025-07,2752402,164,162,170,0.9529,3783562,1.3746,315468.0,7,3,-0.4999999999999997,-0.8660254037844388,2840893.0,2649988.0,2423713.0,2638198.0,167.0,166.0,170.0,0.9765,3622825.0,1.2752,347178.0,2025-07-01
2025-08,2963647,158,156,191,0.8168,3895830,1.3145,419626.0,8,3,-0.8660254037844385,-0.5000000000000004,2752402.0,2840893.0,2649988.0,2747761.0,164.0,162.0,170.0,0.9529,3783562.0,1.3746,315468.0,2025-08-01
2025-09,3092396,179,177,191,0.9267,3444983,1.114,311108.0,9,3,-1.0,-1.8369701987210297e-16,2963647.0,2752402.0,2840893.0,2852314.0,158.0,156.0,191.0,0.8168,3895830.0,1.3145,419626.0,2025-09-01
2025-10,2897959,173,172,191,0.9005,3459498,1.1938,243788.0,10,4,-0.8660254037844386,0.5000000000000001,3092396.0,2963647.0,2752402.0,2936148.3333333335,179.0,177.0,191.0,0.9267,3444983.0,1.114,311108.0,2025-10-01
2025-11,2760389,165,164,191,0.8586,2869973,1.0397,251028.0,11,4,-0.5000000000000004,0.8660254037844384,2897959.0,3092396.0,2963647.0,2984667.3333333335,173.0,172.0,191.0,0.9005,3459498.0,1.1938,243788.0,2025-11-01
2025-12,2570517,154,153,191,0.801,2839121,1.1045,157352.0,12,4,-2.4492935982947064e-16,1.0,2760389.0,2897959.0,3092396.0,2916914.6666666665,165.0,164.0,191.0,0.8586,2869973.0,1.0397,251028.0,2025-12-01
2026-01,2539549,144,143,191,0.7487,3694970,1.455,150865.0,1,1,0.49999999999999994,0.8660254037844387,2570517.0,2760389.0,2897959.0,2742955.0,154.0,153.0,191.0,0.801,2839121.0,1.1045,157352.0,2026-01-01
2026-02,2720625,154,153,186,0.8226,3004031,1.1042,193302.0,2,1,0.8660254037844386,0.5000000000000001,2539549.0,2570517.0,2760389.0,2623485.0,144.0,143.0,191.0,0.7487,3694970.0,1.455,150865.0,2026-02-01
2026-03,2774058,161,160,186,0.8602,2720660,0.9808,255086.0,3,1,1.0,6.123233995736766e-17,2720625.0,2539549.0,2570517.0,2610230.3333333335,154.0,153.0,186.0,0.8226,3004031.0,1.1042,193302.0,2026-03-01
2026-04,2890610,162,162,187,0.8663,3620039,1.2523,296401.0,4,2,0.8660254037844387,-0.4999999999999998,2774058.0,2720625.0,2539549.0,2678077.3333333335,161.0,160.0,186.0,0.8602,2720660.0,0.9808,255086.0,2026-04-01
2026-05,3153828,175,172,187,0.9198,3717830,1.1788,361890.0,5,2,0.49999999999999994,-0.8660254037844387,2890610.0,2774058.0,2720625.0,2795097.6666666665,162.0,162.0,187.0,0.8663,3620039.0,1.2523,296401.0,2026-05-01
2026-06,3300730,193,180,187,0.9626,4319133,1.3085,-721641.0,6,2,1.2246467991473532e-16,-1.0,3153828.0,2890610.0,2774058.0,2939498.6666666665,175.0,172.0,187.0,0.9198,3717830.0,1.1788,361890.0,2026-06-01
2026-07,3337114,198,182,187,0.9733,3912681,1.1725,369949.0,7,3,-0.4999999999999997,-0.8660254037844388,3300730.0,3153828.0,2890610.0,3115056.0,193.0,180.0,187.0,0.9626,4319133.0,1.3085,-721641.0,2026-07-01
2026-08,3159088,196,175,197,0.8883,3067099,0.9709,,8,3,-0.8660254037844385,-0.5000000000000004,3337114.0,3300730.0,3153828.0,3263890.6666666665,198.0,182.0,187.0,0.9733,3912681.0,1.1725,369949.0,2026-08-01
