opportunity,category,priority,score,evidence_source,reason,vishful_evidence,market_context_evidence,recommended_action,confidence,provenance
Highlight 2-sharing availability,Sharing / Inventory Opportunity,High,77.8,COMBINED,Vishful has 5 available 2-sharing bed(s) (internal) AND 2-sharing is a first-party market-published configuration (market context) — a recognized offering to market.,5 vacant 2-sharing beds (step4_vacancy_at_risk.csv),2-sharing appears in first-party rendered sources (phase3_playwright_market_research.csv),Highlight 2-sharing availability in marketing,medium,step4_vacancy_at_risk.csv; phase3_playwright_market_research.csv
Promote available 3-sharing inventory,Inventory to Promote,Medium,47.6,VISHFUL_INTERNAL,"Triple inventory: occupancy 72.7%, 9 vacant bed(s), median vacancy 12d, ₹128,700/mo revenue-at-risk (Vishful internal).","step5 occ 72.7% / step4 vacant 9, median vacancy 12d, rev_at_risk ₹128,700",,Prioritize marketing/campaign for 3-sharing beds,high,step5_pricing_analysis.csv; step4_vacancy_at_risk.csv
Locality-targeted campaign (Thiruvanmiyur 600041 core),Location / Marketing Opportunity,Medium,45.0,MARKET_CONTEXT,PG/co-living/serviced-apartment supply is densely present in Vishful's own locality cluster (Thiruvanmiyur/Adyar/Perungudi) per validated market context. No competitor demand/price claimed.,Vishful has available inventory (step4_vacancy_at_risk.csv),Property density by locality (phase3_competitor_master.csv aggregate; coarse suburb-centroid),Run locality-targeted marketing for available inventory in the Thiruvanmiyur/Adyar/Perungudi belt,low,phase3_competitor_master.csv (aggregate locality context)
Consider highlighting Food (verify Vishful availability),Amenity Marketing Opportunity,Low,35.0,MARKET_CONTEXT,Food is commonly published across 4/6 first-party market sources (market context). Vishful's own Food availability is UNKNOWN (not in any Vishful output).,,Food published on 4/6 first-party sources (phase3_playwright_market_research.csv),Confirm internally whether Vishful offers Food; highlight in marketing ONLY if present,low,phase3_playwright_market_research.csv
Consider highlighting Wi-Fi (verify Vishful availability),Amenity Marketing Opportunity,Low,35.0,MARKET_CONTEXT,Wi-Fi is commonly published across 5/6 first-party market sources (market context). Vishful's own Wi-Fi availability is UNKNOWN (not in any Vishful output).,,Wi-Fi published on 5/6 first-party sources (phase3_playwright_market_research.csv),Confirm internally whether Vishful offers Wi-Fi; highlight in marketing ONLY if present,low,phase3_playwright_market_research.csv
Consider highlighting Parking (verify Vishful availability),Amenity Marketing Opportunity,Low,35.0,MARKET_CONTEXT,Parking is commonly published across 3/6 first-party market sources (market context). Vishful's own Parking availability is UNKNOWN (not in any Vishful output).,,Parking published on 3/6 first-party sources (phase3_playwright_market_research.csv),Confirm internally whether Vishful offers Parking; highlight in marketing ONLY if present,low,phase3_playwright_market_research.csv
Consider highlighting AC (verify Vishful availability),Amenity Marketing Opportunity,Low,35.0,MARKET_CONTEXT,AC is commonly published across 3/6 first-party market sources (market context). Vishful's own AC availability is UNKNOWN (not in any Vishful output).,,AC published on 3/6 first-party sources (phase3_playwright_market_research.csv),Confirm internally whether Vishful offers AC; highlight in marketing ONLY if present,low,phase3_playwright_market_research.csv
Consider highlighting Security/CCTV (verify Vishful availability),Amenity Marketing Opportunity,Low,35.0,MARKET_CONTEXT,Security/CCTV is commonly published across 2/6 first-party market sources (market context). Vishful's own Security/CCTV availability is UNKNOWN (not in any Vishful output).,,Security/CCTV published on 2/6 first-party sources (phase3_playwright_market_research.csv),Confirm internally whether Vishful offers Security/CCTV; highlight in marketing ONLY if present,low,phase3_playwright_market_research.csv
Promote available 2-sharing inventory,Inventory to Promote,Low,23.5,VISHFUL_INTERNAL,"Double inventory: occupancy 96.0%, 5 vacant bed(s), median vacancy 22d, ₹67,500/mo revenue-at-risk (Vishful internal).","step5 occ 96.0% / step4 vacant 5, median vacancy 22d, rev_at_risk ₹67,500",,Prioritize marketing/campaign for 2-sharing beds,high,step5_pricing_analysis.csv; step4_vacancy_at_risk.csv
