name,dashboard_locality,property_type,segment,is_operator_or_aggregator,reject_as_pricing_source,is_self,is_existing_in_pool,is_new,dist_km_from_vishful,distance_precision,within_1km,within_2km,within_3km,within_5km,verified_first_party,official_url,monthly_price,price_confidence,source_url,evidence,name_source,collection_date
kalyani homestay,Perungudi,serviced_apartment,unknown,False,True,False,False,True,3.5,suburb_centroid_perungudi,False,False,False,True,False,,,unknown,,transcribed from Vishful dashboard screenshot; no first-party price verified this pass,vishful_dashboard_screenshot,2026-08-14
K S MENS P G HOSTAL,Chennai,mens_pg,men,False,False,False,False,True,,unknown_locality,False,False,False,False,False,,,unknown,,transcribed from Vishful dashboard screenshot; no first-party price verified this pass,vishful_dashboard_screenshot,2026-08-14
Sasikala Paying Guest,Thiruvanmiyur,pg_unknown_gender,unknown,False,False,False,False,True,0.0,suburb_centroid_thiruvanmiyur,True,True,True,True,False,,,unknown,,transcribed from Vishful dashboard screenshot; no first-party price verified this pass,vishful_dashboard_screenshot,2026-08-14
VIJAY PAYING GUEST LUXURY HOSTEL,Adyar,pg_unknown_gender,unknown,False,False,False,False,True,1.3,suburb_centroid_adyar,False,True,True,True,False,,,unknown,,transcribed from Vishful dashboard screenshot; no first-party price verified this pass,vishful_dashboard_screenshot,2026-08-14
Zara co-living Space - Men's PG / Valasarvakkam,Chennai,co_living,men,False,False,False,True,False,,unknown_locality,False,False,False,False,False,,,unknown,,transcribed from Vishful dashboard screenshot; no first-party price verified this pass,vishful_dashboard_screenshot,2026-08-14
SAHITHYAN MEN'S PG,Thiruvanmiyur,mens_pg,men,False,False,False,False,True,0.0,suburb_centroid_thiruvanmiyur,True,True,True,True,False,,,unknown,,transcribed from Vishful dashboard screenshot; no first-party price verified this pass,vishful_dashboard_screenshot,2026-08-14
SRI LAKSHMI SRI LADIES PG,Perungudi,womens_pg,women,False,False,False,False,True,3.5,suburb_centroid_perungudi,False,False,False,True,False,,,unknown,,transcribed from Vishful dashboard screenshot; no first-party price verified this pass,vishful_dashboard_screenshot,2026-08-14
Mens PG,Adyar,mens_pg,men,False,False,False,False,True,1.3,suburb_centroid_adyar,False,True,True,True,False,,,unknown,,transcribed from Vishful dashboard screenshot; no first-party price verified this pass,vishful_dashboard_screenshot,2026-08-14
Yube1 Emerald League - PG in Perungudi | Coliving PG,Perungudi,co_living,unknown,True,True,False,False,True,3.5,suburb_centroid_perungudi,False,False,False,True,False,,,unknown,,transcribed from Vishful dashboard screenshot; no first-party price verified this pass,vishful_dashboard_screenshot,2026-08-14
Ganapathi PG for Women - LB Road,Thiruvanmiyur,womens_pg,women,False,False,False,False,True,0.0,suburb_centroid_thiruvanmiyur,True,True,True,True,False,,,unknown,,transcribed from Vishful dashboard screenshot; no first-party price verified this pass,vishful_dashboard_screenshot,2026-08-14
WowLife Coliving PFLG (Perungudi),Perungudi,co_living,unknown,False,False,False,False,True,3.5,suburb_centroid_perungudi,False,False,False,True,False,,,unknown,,transcribed from Vishful dashboard screenshot; no first-party price verified this pass,vishful_dashboard_screenshot,2026-08-14
Zara Co-Living Space - Men's PG/ Thoraipakkam,Chennai,co_living,men,False,False,False,True,False,,unknown_locality,False,False,False,False,False,,,unknown,,transcribed from Vishful dashboard screenshot; no first-party price verified this pass,vishful_dashboard_screenshot,2026-08-14
Vishful Vista Heights,Thiruvanmiyur,unknown,unknown,False,False,True,True,False,0.0,suburb_centroid_thiruvanmiyur,True,True,True,True,False,,,unknown,,transcribed from Vishful dashboard screenshot; no first-party price verified this pass,vishful_dashboard_screenshot,2026-08-14
Eden Coliving Space,Chennai,co_living,unknown,False,False,False,True,False,,unknown_locality,False,False,False,False,False,,,unknown,,transcribed from Vishful dashboard screenshot; no first-party price verified this pass,vishful_dashboard_screenshot,2026-08-14
Green Apple Residency,Perungudi,residential_apartment,unknown,False,False,False,True,False,3.5,suburb_centroid_perungudi,False,False,False,True,False,,,unknown,,transcribed from Vishful dashboard screenshot; no first-party price verified this pass,vishful_dashboard_screenshot,2026-08-14
Skylinn Stays OMR Perungudi | Best Hotel Rooms Chennai,Thiruvanmiyur,hotel,unknown,False,True,False,True,False,0.0,suburb_centroid_thiruvanmiyur,True,True,True,True,False,,,unknown,,transcribed from Vishful dashboard screenshot; no first-party price verified this pass,vishful_dashboard_screenshot,2026-08-14
WHITES INN VANDALUR,Kattankulathur,serviced_apartment,unknown,False,True,False,True,False,,coarse_far_>5km,False,False,False,False,False,,,unknown,,transcribed from Vishful dashboard screenshot; no first-party price verified this pass,vishful_dashboard_screenshot,2026-08-14
Sri Venkata Vishnu Priya Gents Hostel,Kattankulathur,mens_pg,men,False,False,False,True,False,,coarse_far_>5km,False,False,False,False,False,,,unknown,,transcribed from Vishful dashboard screenshot; no first-party price verified this pass,vishful_dashboard_screenshot,2026-08-14
Sri Mahalakshmi PG Accommodation,Perungudi,pg_unknown_gender,unknown,False,False,False,True,False,3.5,suburb_centroid_perungudi,False,False,False,True,True,https://mahalakshmipgaccommodation.com/,,unknown,https://mahalakshmipgaccommodation.com/,own site verified; no price,vishful_dashboard_screenshot,2026-08-14
Aostel - Men's PG/ Hostel in Anna Salai,Chennai,mens_pg,men,False,False,False,True,False,,unknown_locality,False,False,False,False,False,,,unknown,,transcribed from Vishful dashboard screenshot; no first-party price verified this pass,vishful_dashboard_screenshot,2026-08-14
EXCELLENT MEN'S PG ACCOMODATION | MENS HOSTEL IN THIRUVANMIYUR | BOYS HOSTEL IN THIRUVANMIYUR,Thiruvanmiyur,mens_pg,men,False,False,False,False,True,0.0,suburb_centroid_thiruvanmiyur,True,True,True,True,False,,,unknown,,transcribed from Vishful dashboard screenshot; no first-party price verified this pass,vishful_dashboard_screenshot,2026-08-14
Stay N Tour Home | Best Rooms In Adyar,Adyar,serviced_apartment,unknown,False,True,False,False,True,1.3,suburb_centroid_adyar,False,True,True,True,False,,,unknown,,transcribed from Vishful dashboard screenshot; no first-party price verified this pass,vishful_dashboard_screenshot,2026-08-14
SRK Hostel,Kattankulathur,pg_unknown_gender,unknown,False,False,False,False,True,,coarse_far_>5km,False,False,False,False,False,,,unknown,,transcribed from Vishful dashboard screenshot; no first-party price verified this pass,vishful_dashboard_screenshot,2026-08-14
SPS Men's PG | Boys Hostel | Mens hostel In Thousand lights | Nungambakkam | Mountroad,Chennai,mens_pg,men,False,False,False,False,True,,unknown_locality,False,False,False,False,False,,,unknown,,transcribed from Vishful dashboard screenshot; no first-party price verified this pass,vishful_dashboard_screenshot,2026-08-14
Riya Ladies PG,Perungudi,womens_pg,women,False,False,False,False,True,3.5,suburb_centroid_perungudi,False,False,False,True,False,,,unknown,,transcribed from Vishful dashboard screenshot; no first-party price verified this pass,vishful_dashboard_screenshot,2026-08-14
Venkat Ramana PG hostel for Gents,Kattankulathur,mens_pg,men,False,False,False,False,True,,coarse_far_>5km,False,False,False,False,False,,,unknown,,transcribed from Vishful dashboard screenshot; no first-party price verified this pass,vishful_dashboard_screenshot,2026-08-14
Bhavani pg,Thiruvanmiyur,pg_unknown_gender,unknown,False,False,False,False,True,0.0,suburb_centroid_thiruvanmiyur,True,True,True,True,False,,,unknown,,transcribed from Vishful dashboard screenshot; no first-party price verified this pass,vishful_dashboard_screenshot,2026-08-14
TSP PG ACCOMADTION,Thiruvanmiyur,pg_unknown_gender,unknown,False,False,False,True,False,0.0,suburb_centroid_thiruvanmiyur,True,True,True,True,True,https://tsppgaccommodation.com/,,unknown,https://tsppgaccommodation.com/,own site verified; no public price,vishful_dashboard_screenshot,2026-08-14
NESTORA ELITE PG in PERUNGUDI ( Mens PG NEW building),Thiruvanmiyur,mens_pg,men,True,True,False,False,True,0.0,suburb_centroid_thiruvanmiyur,True,True,True,True,False,,,unknown,,transcribed from Vishful dashboard screenshot; no first-party price verified this pass,vishful_dashboard_screenshot,2026-08-14
Sri Sai Balaji Ladies PG,Perungudi,womens_pg,women,False,False,False,False,True,3.5,suburb_centroid_perungudi,False,False,False,True,False,,,unknown,,transcribed from Vishful dashboard screenshot; no first-party price verified this pass,vishful_dashboard_screenshot,2026-08-14
Oragadam Rooms,Kattankulathur,unknown,unknown,False,False,False,False,True,,coarse_far_>5km,False,False,False,False,False,,,unknown,,transcribed from Vishful dashboard screenshot; no first-party price verified this pass,vishful_dashboard_screenshot,2026-08-14
Yube1 Premier League - PG in Thiruvanmiyur | Coliving PG,Thiruvanmiyur,co_living,unknown,True,True,False,False,True,0.0,suburb_centroid_thiruvanmiyur,True,True,True,True,False,,,unknown,,transcribed from Vishful dashboard screenshot; no first-party price verified this pass,vishful_dashboard_screenshot,2026-08-14
The Royal Inn Gents PG,Kattankulathur,mens_pg,men,False,False,False,False,True,,coarse_far_>5km,False,False,False,False,False,,,unknown,,transcribed from Vishful dashboard screenshot; no first-party price verified this pass,vishful_dashboard_screenshot,2026-08-14
The Royal Inn Ladies Pg (Maple Nest),Kattankulathur,womens_pg,women,False,False,False,False,True,,coarse_far_>5km,False,False,False,False,False,,,unknown,,transcribed from Vishful dashboard screenshot; no first-party price verified this pass,vishful_dashboard_screenshot,2026-08-14
Sri Sai Grn Men's Pg & Hostel,Chennai,mens_pg,men,False,False,False,False,True,,unknown_locality,False,False,False,False,False,,,unknown,,transcribed from Vishful dashboard screenshot; no first-party price verified this pass,vishful_dashboard_screenshot,2026-08-14
MR Regency PG Hostel,Adyar,pg_unknown_gender,unknown,False,False,False,False,True,1.3,suburb_centroid_adyar,False,True,True,True,False,,,unknown,,transcribed from Vishful dashboard screenshot; no first-party price verified this pass,vishful_dashboard_screenshot,2026-08-14
TSP MENS PG,Chennai,mens_pg,men,False,False,False,True,False,,unknown_locality,False,False,False,False,True,https://tsppgaccommodation.com/,,unknown,https://tsppgaccommodation.com/,own site verified; no public price,vishful_dashboard_screenshot,2026-08-14
Venkat Ramana PG Hostel for Ladies,Kattankulathur,womens_pg,women,False,False,False,False,True,,coarse_far_>5km,False,False,False,False,False,,,unknown,,transcribed from Vishful dashboard screenshot; no first-party price verified this pass,vishful_dashboard_screenshot,2026-08-14
MG Park,Thiruvanmiyur,unknown,unknown,False,False,False,False,True,0.0,suburb_centroid_thiruvanmiyur,True,True,True,True,False,,,unknown,,transcribed from Vishful dashboard screenshot; no first-party price verified this pass,vishful_dashboard_screenshot,2026-08-14
Sree sai pg,Perungudi,pg_unknown_gender,unknown,False,False,False,False,True,3.5,suburb_centroid_perungudi,False,False,False,True,False,,,unknown,,transcribed from Vishful dashboard screenshot; no first-party price verified this pass,vishful_dashboard_screenshot,2026-08-14
Yube1 Capital League - PG in Porur | Coliving PG,Chennai,co_living,unknown,True,True,False,False,True,,unknown_locality,False,False,False,False,False,,,unknown,,transcribed from Vishful dashboard screenshot; no first-party price verified this pass,vishful_dashboard_screenshot,2026-08-14
"Swarna Sudarshan Serviced Apartments, Adyar, Chennai | Hotel rooms in Adyar",Thiruvanmiyur,hotel,men,False,True,False,False,True,0.0,suburb_centroid_thiruvanmiyur,True,True,True,True,False,,,unknown,,transcribed from Vishful dashboard screenshot; no first-party price verified this pass,vishful_dashboard_screenshot,2026-08-14
Wowlife Coliving - HerNest,Chennai,co_living,women,False,False,False,False,True,,unknown_locality,False,False,False,False,False,,,unknown,,transcribed from Vishful dashboard screenshot; no first-party price verified this pass,vishful_dashboard_screenshot,2026-08-14
SNEHA PG,Thiruvanmiyur,pg_unknown_gender,unknown,False,False,False,False,True,0.0,suburb_centroid_thiruvanmiyur,True,True,True,True,False,,,unknown,,transcribed from Vishful dashboard screenshot; no first-party price verified this pass,vishful_dashboard_screenshot,2026-08-14
Oester Hostel for Boys,Kattankulathur,mens_pg,men,False,False,False,False,True,,coarse_far_>5km,False,False,False,False,False,,,unknown,,transcribed from Vishful dashboard screenshot; no first-party price verified this pass,vishful_dashboard_screenshot,2026-08-14
THE SHIVAM LIVING PG FOR MEN'S,Chennai,mens_pg,men,False,False,False,False,True,,unknown_locality,False,False,False,False,False,,,unknown,,transcribed from Vishful dashboard screenshot; no first-party price verified this pass,vishful_dashboard_screenshot,2026-08-14
STAY GREEN PG,Perungudi,pg_unknown_gender,unknown,False,False,False,False,True,3.5,suburb_centroid_perungudi,False,False,False,True,False,,,unknown,,transcribed from Vishful dashboard screenshot; no first-party price verified this pass,vishful_dashboard_screenshot,2026-08-14
Chippy Inn Tharamani,Thiruvanmiyur,serviced_apartment,unknown,False,True,False,False,True,0.0,suburb_centroid_thiruvanmiyur,True,True,True,True,False,,,unknown,,transcribed from Vishful dashboard screenshot; no first-party price verified this pass,vishful_dashboard_screenshot,2026-08-14
MCity Elite Suites,Kattankulathur,serviced_apartment,unknown,False,True,False,False,True,,coarse_far_>5km,False,False,False,False,False,,,unknown,,transcribed from Vishful dashboard screenshot; no first-party price verified this pass,vishful_dashboard_screenshot,2026-08-14
Sree Siddhi Vinayaka Mens PG,Perungudi,mens_pg,men,False,False,False,False,True,3.5,suburb_centroid_perungudi,False,False,False,True,False,,,unknown,,transcribed from Vishful dashboard screenshot; no first-party price verified this pass,vishful_dashboard_screenshot,2026-08-14
SMS LADIES HOSTEL,Kattankulathur,womens_pg,women,False,False,False,False,True,,coarse_far_>5km,False,False,False,False,False,,,unknown,,transcribed from Vishful dashboard screenshot; no first-party price verified this pass,vishful_dashboard_screenshot,2026-08-14
SV PG Accommodation,Chennai,pg_unknown_gender,unknown,False,False,False,False,True,,unknown_locality,False,False,False,False,False,,,unknown,,transcribed from Vishful dashboard screenshot; no first-party price verified this pass,vishful_dashboard_screenshot,2026-08-14
Staylite Suites Thiruvanmiyur Chennai | Hotels in OMR,Thiruvanmiyur,hotel,unknown,False,True,False,False,True,0.0,suburb_centroid_thiruvanmiyur,True,True,True,True,False,,,unknown,,transcribed from Vishful dashboard screenshot; no first-party price verified this pass,vishful_dashboard_screenshot,2026-08-14
WHITES INN Nearby Kilambakkam New Bus Terminal,Kattankulathur,serviced_apartment,unknown,False,True,False,True,False,,coarse_far_>5km,False,False,False,False,False,,,unknown,,transcribed from Vishful dashboard screenshot; no first-party price verified this pass,vishful_dashboard_screenshot,2026-08-14
The Royal Inn Ladies PG,Kattankulathur,womens_pg,women,False,False,False,False,True,,coarse_far_>5km,False,False,False,False,False,,,unknown,,transcribed from Vishful dashboard screenshot; no first-party price verified this pass,vishful_dashboard_screenshot,2026-08-14
Sri Venkateswara mens kR hostel/PG,Chennai,mens_pg,men,False,False,False,False,True,,unknown_locality,False,False,False,False,False,,,unknown,,transcribed from Vishful dashboard screenshot; no first-party price verified this pass,vishful_dashboard_screenshot,2026-08-14
SRI LAXMI BALAJI PG FOR LADIES,Perungudi,womens_pg,women,False,False,False,False,True,3.5,suburb_centroid_perungudi,False,False,False,True,False,,,unknown,,transcribed from Vishful dashboard screenshot; no first-party price verified this pass,vishful_dashboard_screenshot,2026-08-14
Dreams Neelankarai,Perungudi,unknown,unknown,False,False,False,False,True,3.5,suburb_centroid_perungudi,False,False,False,True,False,,,unknown,,transcribed from Vishful dashboard screenshot; no first-party price verified this pass,vishful_dashboard_screenshot,2026-08-14
NAVEENS HIFI PG FLAT AND HOSTEL ONLY FOR GIRLS,Thiruvanmiyur,womens_pg,women,False,False,False,False,True,0.0,suburb_centroid_thiruvanmiyur,True,True,True,True,False,,,unknown,,transcribed from Vishful dashboard screenshot; no first-party price verified this pass,vishful_dashboard_screenshot,2026-08-14
Best Men's PG,Chennai,mens_pg,men,False,False,False,False,True,,unknown_locality,False,False,False,False,False,,,unknown,,transcribed from Vishful dashboard screenshot; no first-party price verified this pass,vishful_dashboard_screenshot,2026-08-14
VSTAY INN PG FOR LADIES,Kattankulathur,womens_pg,women,False,False,False,False,True,,coarse_far_>5km,False,False,False,False,False,,,unknown,,transcribed from Vishful dashboard screenshot; no first-party price verified this pass,vishful_dashboard_screenshot,2026-08-14
KPA MEN'S PG & HOSTEL,Chennai,mens_pg,men,False,False,False,False,True,,unknown_locality,False,False,False,False,False,,,unknown,,transcribed from Vishful dashboard screenshot; no first-party price verified this pass,vishful_dashboard_screenshot,2026-08-14
NESTORA CO-LIVING PG,Chennai,co_living,unknown,True,True,False,False,True,,unknown_locality,False,False,False,False,False,,,unknown,,transcribed from Vishful dashboard screenshot; no first-party price verified this pass,vishful_dashboard_screenshot,2026-08-14
Sai Balaji pg hostel for ladies,Kattankulathur,womens_pg,women,False,False,False,False,True,,coarse_far_>5km,False,False,False,False,False,,,unknown,,transcribed from Vishful dashboard screenshot; no first-party price verified this pass,vishful_dashboard_screenshot,2026-08-14
Blue Shell,Adyar,unknown,unknown,False,False,False,False,True,1.3,suburb_centroid_adyar,False,True,True,True,False,,,unknown,,transcribed from Vishful dashboard screenshot; no first-party price verified this pass,vishful_dashboard_screenshot,2026-08-14
Yali Service Apartment,Thiruvanmiyur,serviced_apartment,men,False,True,False,False,True,0.0,suburb_centroid_thiruvanmiyur,True,True,True,True,False,,,unknown,,transcribed from Vishful dashboard screenshot; no first-party price verified this pass,vishful_dashboard_screenshot,2026-08-14
Amman Men's PG Hostel,Chennai,mens_pg,men,False,False,False,False,True,,unknown_locality,False,False,False,False,False,,,unknown,,transcribed from Vishful dashboard screenshot; no first-party price verified this pass,vishful_dashboard_screenshot,2026-08-14
Truliv Hercules - Co-living space & PG in Navalur,Chennai,co_living,unknown,True,True,False,False,True,,unknown_locality,False,False,False,False,False,,,unknown,,transcribed from Vishful dashboard screenshot; no first-party price verified this pass,vishful_dashboard_screenshot,2026-08-14
Star Men's Pg Accommodation,Thiruvanmiyur,mens_pg,men,False,False,False,False,True,0.0,suburb_centroid_thiruvanmiyur,True,True,True,True,False,,,unknown,,prior URL-resolution: NO first-party site found -> unknown,vishful_dashboard_screenshot,2026-08-14
Sabari Residency,Kattankulathur,residential_apartment,unknown,False,False,False,False,True,,coarse_far_>5km,False,False,False,False,False,,,unknown,,transcribed from Vishful dashboard screenshot; no first-party price verified this pass,vishful_dashboard_screenshot,2026-08-14
Subodhaya Paying Guest Accommodation (for Ladies),Thiruvanmiyur,womens_pg,women,False,False,False,False,True,0.0,suburb_centroid_thiruvanmiyur,True,True,True,True,False,,,unknown,,transcribed from Vishful dashboard screenshot; no first-party price verified this pass,vishful_dashboard_screenshot,2026-08-14
PG in Perungudi - Sampoorna Nilayam,Perungudi,pg_unknown_gender,unknown,False,False,False,False,True,3.5,suburb_centroid_perungudi,False,False,False,True,False,,,unknown,,transcribed from Vishful dashboard screenshot; no first-party price verified this pass,vishful_dashboard_screenshot,2026-08-14
StayBro Co-Living Spaces,Chennai,co_living,unknown,False,False,False,False,True,,unknown_locality,False,False,False,False,False,,,unknown,,transcribed from Vishful dashboard screenshot; no first-party price verified this pass,vishful_dashboard_screenshot,2026-08-14
Season 4 Rentals,Thiruvanmiyur,serviced_apartment,unknown,False,True,False,False,True,0.0,suburb_centroid_thiruvanmiyur,True,True,True,True,True,https://season4.in/season-4-rentals-thiruvanmiyur/,,unknown,https://season4.in/season-4-rentals-thiruvanmiyur/,own serviced-apt site verified; no on-page price,vishful_dashboard_screenshot,2026-08-14
Yube1 Continental League - PG in Perungudi | Coliving PG,Thiruvanmiyur,co_living,unknown,True,True,False,False,True,0.0,suburb_centroid_thiruvanmiyur,True,True,True,True,False,,,unknown,,transcribed from Vishful dashboard screenshot; no first-party price verified this pass,vishful_dashboard_screenshot,2026-08-14
Yube1 Zen League - PG in Thoraipakkam | Coliving PG,Chennai,co_living,unknown,True,True,False,False,True,,unknown_locality,False,False,False,False,False,,,unknown,,transcribed from Vishful dashboard screenshot; no first-party price verified this pass,vishful_dashboard_screenshot,2026-08-14
Maayaas Stay Ladies Hostel,Kattankulathur,womens_pg,women,False,False,False,False,True,,coarse_far_>5km,False,False,False,False,False,,,unknown,,transcribed from Vishful dashboard screenshot; no first-party price verified this pass,vishful_dashboard_screenshot,2026-08-14
Stay Easy Tiruvanmiyur Chennai | Hotels Near Apollo Proton,Thiruvanmiyur,hotel,unknown,False,True,False,False,True,0.0,suburb_centroid_thiruvanmiyur,True,True,True,True,False,,,unknown,,transcribed from Vishful dashboard screenshot; no first-party price verified this pass,vishful_dashboard_screenshot,2026-08-14
Yube1 Millennial Campus - PG in Nungambakkam | Coliving PG,Chennai,co_living,unknown,True,True,False,False,True,,unknown_locality,False,False,False,False,False,,,unknown,,transcribed from Vishful dashboard screenshot; no first-party price verified this pass,vishful_dashboard_screenshot,2026-08-14
Yube1 Alpha League - PG in Thiruvanmiyur | Coliving PG,Thiruvanmiyur,co_living,unknown,True,True,False,False,True,0.0,suburb_centroid_thiruvanmiyur,True,True,True,True,False,,,unknown,,transcribed from Vishful dashboard screenshot; no first-party price verified this pass,vishful_dashboard_screenshot,2026-08-14
Chippy Inn,Thiruvanmiyur,unknown,unknown,False,False,False,False,True,0.0,suburb_centroid_thiruvanmiyur,True,True,True,True,False,,,unknown,,transcribed from Vishful dashboard screenshot; no first-party price verified this pass,vishful_dashboard_screenshot,2026-08-14
SRP The Pavilion,Kattankulathur,unknown,unknown,False,False,False,False,True,,coarse_far_>5km,False,False,False,False,False,,,unknown,,transcribed from Vishful dashboard screenshot; no first-party price verified this pass,vishful_dashboard_screenshot,2026-08-14
Ojas Grand PG for Men,Perungudi,mens_pg,men,False,False,False,False,True,3.5,suburb_centroid_perungudi,False,False,False,True,False,,,unknown,,transcribed from Vishful dashboard screenshot; no first-party price verified this pass,vishful_dashboard_screenshot,2026-08-14
Truliv Sofia - Co-living space & PG in Siruseri,Thiruvanmiyur,co_living,unknown,True,True,False,False,True,0.0,suburb_centroid_thiruvanmiyur,True,True,True,True,False,,,unknown,,transcribed from Vishful dashboard screenshot; no first-party price verified this pass,vishful_dashboard_screenshot,2026-08-14
Kripa Homes pg thiruvanmiyur,Thiruvanmiyur,pg_unknown_gender,unknown,False,False,False,True,False,0.0,suburb_centroid_thiruvanmiyur,True,True,True,True,True,https://kripahomes.com/pg-thiruvanmiyur/,,unknown,https://kripahomes.com/pg-thiruvanmiyur/,own site verified; no price,vishful_dashboard_screenshot,2026-08-14
OLive Inn PG for Men,Chennai,mens_pg,men,False,False,False,False,True,,unknown_locality,False,False,False,False,False,,,unknown,,transcribed from Vishful dashboard screenshot; no first-party price verified this pass,vishful_dashboard_screenshot,2026-08-14
D and A BOUTIQUE HOTEL,Thiruvanmiyur,hotel,unknown,False,True,False,False,True,0.0,suburb_centroid_thiruvanmiyur,True,True,True,True,False,,,unknown,,transcribed from Vishful dashboard screenshot; no first-party price verified this pass,vishful_dashboard_screenshot,2026-08-14
Yube1 Madras League - PG in Chetpet | Coliving PG,Chennai,co_living,unknown,True,True,False,False,True,,unknown_locality,False,False,False,False,False,,,unknown,,transcribed from Vishful dashboard screenshot; no first-party price verified this pass,vishful_dashboard_screenshot,2026-08-14
VJB APARTMENT (PG Sholinganallur / AC PG for Men ),Chennai,mens_pg,men,False,False,False,False,True,,unknown_locality,False,False,False,False,False,,,unknown,,transcribed from Vishful dashboard screenshot; no first-party price verified this pass,vishful_dashboard_screenshot,2026-08-14
Yube1 Sarmani,Chennai,unknown,unknown,True,True,False,False,True,,unknown_locality,False,False,False,False,False,,,unknown,,transcribed from Vishful dashboard screenshot; no first-party price verified this pass,vishful_dashboard_screenshot,2026-08-14
Kolam Gandhi Serviced Apartments,Thiruvanmiyur,serviced_apartment,men,False,True,False,False,True,0.0,suburb_centroid_thiruvanmiyur,True,True,True,True,False,,,unknown,,transcribed from Vishful dashboard screenshot; no first-party price verified this pass,vishful_dashboard_screenshot,2026-08-14
Raga's PG (Paying Guest) Boy's Hostel,Chennai,mens_pg,men,False,False,False,False,True,,unknown_locality,False,False,False,False,False,,,unknown,,transcribed from Vishful dashboard screenshot; no first-party price verified this pass,vishful_dashboard_screenshot,2026-08-14
VJB House PG,Chennai,pg_unknown_gender,unknown,False,False,False,False,True,,unknown_locality,False,False,False,False,False,,,unknown,,transcribed from Vishful dashboard screenshot; no first-party price verified this pass,vishful_dashboard_screenshot,2026-08-14
The Adyar House Boutique Homestays,Adyar,serviced_apartment,unknown,False,True,False,False,True,1.3,suburb_centroid_adyar,False,True,True,True,False,,,unknown,,transcribed from Vishful dashboard screenshot; no first-party price verified this pass,vishful_dashboard_screenshot,2026-08-14
The K11 Golden Gate - Chennai,Adyar,unknown,unknown,False,False,False,False,True,1.3,suburb_centroid_adyar,False,True,True,True,False,,,unknown,,transcribed from Vishful dashboard screenshot; no first-party price verified this pass,vishful_dashboard_screenshot,2026-08-14
Stanza Living Fernley House | Coliving PG in Urapakkam,Kattankulathur,co_living,unknown,True,True,False,False,True,,coarse_far_>5km,False,False,False,False,False,,,unknown,,transcribed from Vishful dashboard screenshot; no first-party price verified this pass,vishful_dashboard_screenshot,2026-08-14
Stanza Living Conway House | Coliving PG in Navalur,Chennai,co_living,unknown,True,True,False,False,True,,unknown_locality,False,False,False,False,False,,,unknown,,transcribed from Vishful dashboard screenshot; no first-party price verified this pass,vishful_dashboard_screenshot,2026-08-14
Olive Serviced Apartments,Thiruvanmiyur,serviced_apartment,men,False,True,False,False,True,0.0,suburb_centroid_thiruvanmiyur,True,True,True,True,False,,,unknown,,transcribed from Vishful dashboard screenshot; no first-party price verified this pass,vishful_dashboard_screenshot,2026-08-14
Hotel O Guduvancheri Railway Station,Kattankulathur,hotel,unknown,False,True,False,False,True,,coarse_far_>5km,False,False,False,False,False,,,unknown,,transcribed from Vishful dashboard screenshot; no first-party price verified this pass,vishful_dashboard_screenshot,2026-08-14
SMS Gents Hostel,Kattankulathur,mens_pg,men,False,False,False,False,True,,coarse_far_>5km,False,False,False,False,False,,,unknown,,transcribed from Vishful dashboard screenshot; no first-party price verified this pass,vishful_dashboard_screenshot,2026-08-14
