apartment_id,issue_type_id,ticket_count,repeat_count,recur_le90,recur_le180,last_occurrence,days_since_last,prev_gap_days,hotspot,priority,date_confidence,reason,recommended_action
1b4d1066-8fe4-199b-7b3b-39e4bded9714,a5831922-eaeb-48c2-941c-fd96fae8813d,28,27,25,27,2026-07-11,32,24.0,True,High,low,recurred within 24d (28 tickets),Inspect recurring apartment/issue; check if equipment needs repair/replacement
85292340-826d-52c1-65c7-7f2a9eb2c2c4,47389994-b201-4bb1-bf91-8bce4dbde510,22,21,20,21,2026-08-11,1,0.0,True,High,low,recurred within 0d (22 tickets),Inspect recurring apartment/issue; check if equipment needs repair/replacement
c2ff0c11-4d1b-7b9b-b93c-aa37c9b6c40b,abc84f5b-a950-406e-ab46-cefbe11df925,21,20,20,20,2026-06-26,47,7.0,True,High,low,recurred within 7d (21 tickets),Inspect recurring apartment/issue; check if equipment needs repair/replacement
dd96a329-ec95-e96a-1348-69d976f39cd4,a5831922-eaeb-48c2-941c-fd96fae8813d,19,18,16,18,2026-07-18,25,20.0,True,High,low,recurred within 20d (19 tickets),Inspect recurring apartment/issue; check if equipment needs repair/replacement
5d204545-2f72-b89b-3190-a826b5ab6512,a5831922-eaeb-48c2-941c-fd96fae8813d,17,16,15,16,2026-05-06,98,34.0,True,High,low,recurred within 34d (17 tickets),Inspect recurring apartment/issue; check if equipment needs repair/replacement
dd96a329-ec95-e96a-1348-69d976f39cd4,47389994-b201-4bb1-bf91-8bce4dbde510,16,15,15,15,2026-07-02,41,27.0,True,High,low,recurred within 27d (16 tickets),Inspect recurring apartment/issue; check if equipment needs repair/replacement
a361bd0d-c2c1-2aee-6303-d65de004edd0,a5831922-eaeb-48c2-941c-fd96fae8813d,16,15,14,15,2026-07-22,21,21.0,True,High,low,recurred within 21d (16 tickets),Inspect recurring apartment/issue; check if equipment needs repair/replacement
2fc42a4f-fe5a-ae08-0e4e-2c89ca71db85,a5831922-eaeb-48c2-941c-fd96fae8813d,16,15,13,15,2026-06-28,45,32.0,True,High,low,recurred within 32d (16 tickets),Inspect recurring apartment/issue; check if equipment needs repair/replacement
990e8a3e-a69c-7b31-f606-3eeb21e3d4c6,47389994-b201-4bb1-bf91-8bce4dbde510,15,14,13,14,2026-06-29,44,65.0,True,High,low,recurred within 65d (15 tickets),Inspect recurring apartment/issue; check if equipment needs repair/replacement
990e8a3e-a69c-7b31-f606-3eeb21e3d4c6,caf6381e-5189-4c1f-bf0a-4dfd99d9b9e7,15,14,12,13,2026-06-29,44,59.0,True,High,low,recurred within 59d (15 tickets),Inspect recurring apartment/issue; check if equipment needs repair/replacement
417c9738-a0f7-5a00-1091-37a9fd083dd6,28158382-d5c1-436c-927b-3e3d9855c2af,14,13,11,12,2026-07-22,21,21.0,True,High,low,recurred within 21d (14 tickets),Inspect recurring apartment/issue; check if equipment needs repair/replacement
bc7f358d-0d6d-f95f-ff80-9089eefdef69,a5831922-eaeb-48c2-941c-fd96fae8813d,14,13,11,13,2026-08-04,8,1.0,True,High,high,recurred within 1d (14 tickets),Inspect recurring apartment/issue; check if equipment needs repair/replacement
d2298bb8-a5e5-735a-c8ca-9b18c7daacd6,a5831922-eaeb-48c2-941c-fd96fae8813d,14,13,11,13,2026-08-04,8,27.0,True,High,high,recurred within 27d (14 tickets),Inspect recurring apartment/issue; check if equipment needs repair/replacement
dc4adc21-f501-0573-2e9a-d7bbbc89e5d6,abc84f5b-a950-406e-ab46-cefbe11df925,13,12,11,12,2026-06-08,65,31.0,True,High,low,recurred within 31d (13 tickets),Inspect recurring apartment/issue; check if equipment needs repair/replacement
1b4d1066-8fe4-199b-7b3b-39e4bded9714,47389994-b201-4bb1-bf91-8bce4dbde510,12,11,11,11,2026-02-07,186,26.0,True,High,low,recurred within 26d (12 tickets),Inspect recurring apartment/issue; check if equipment needs repair/replacement
c2ff0c11-4d1b-7b9b-b93c-aa37c9b6c40b,28158382-d5c1-436c-927b-3e3d9855c2af,12,11,10,11,2026-07-19,24,39.0,True,High,low,recurred within 39d (12 tickets),Inspect recurring apartment/issue; check if equipment needs repair/replacement
03edc7c5-4c46-b55e-523d-9fb7be29910b,a5831922-eaeb-48c2-941c-fd96fae8813d,12,11,9,10,2026-07-31,12,70.0,True,High,low,recurred within 70d (12 tickets),Inspect recurring apartment/issue; check if equipment needs repair/replacement
10c6863d-07c3-4fc4-94f9-6adc29157ce1,a5831922-eaeb-48c2-941c-fd96fae8813d,11,10,9,9,2026-07-28,15,53.0,True,High,low,recurred within 53d (11 tickets),Inspect recurring apartment/issue; check if equipment needs repair/replacement
990e8a3e-a69c-7b31-f606-3eeb21e3d4c6,a5831922-eaeb-48c2-941c-fd96fae8813d,11,10,9,9,2026-07-09,34,37.0,True,High,low,recurred within 37d (11 tickets),Inspect recurring apartment/issue; check if equipment needs repair/replacement
b0d4d2c8-f6ee-bc16-ffd7-fc33c8db8571,a5831922-eaeb-48c2-941c-fd96fae8813d,11,10,9,10,2026-06-07,66,2.0,True,High,low,recurred within 2d (11 tickets),Inspect recurring apartment/issue; check if equipment needs repair/replacement
bde00681-ebfc-ef38-4f6e-4906a012de6b,47389994-b201-4bb1-bf91-8bce4dbde510,11,10,9,10,2026-05-20,84,76.0,True,High,low,recurred within 76d (11 tickets),Inspect recurring apartment/issue; check if equipment needs repair/replacement
c2ff0c11-4d1b-7b9b-b93c-aa37c9b6c40b,a5831922-eaeb-48c2-941c-fd96fae8813d,11,10,9,9,2026-06-30,43,42.0,True,High,low,recurred within 42d (11 tickets),Inspect recurring apartment/issue; check if equipment needs repair/replacement
dc4adc21-f501-0573-2e9a-d7bbbc89e5d6,28158382-d5c1-436c-927b-3e3d9855c2af,11,10,9,9,2026-07-22,21,3.0,True,High,low,recurred within 3d (11 tickets),Inspect recurring apartment/issue; check if equipment needs repair/replacement
bde00681-ebfc-ef38-4f6e-4906a012de6b,01208ba1-4225-4a61-be39-3afe03dad690,10,9,9,9,2025-10-25,291,19.0,True,High,low,recurred within 19d (10 tickets),Inspect recurring apartment/issue; check if equipment needs repair/replacement
dd96a329-ec95-e96a-1348-69d976f39cd4,e2aa2aaa-8af6-4807-9a4e-7665c5421eed,10,9,9,9,2026-08-08,4,41.0,True,High,high,recurred within 41d (10 tickets),Inspect recurring apartment/issue; check if equipment needs repair/replacement
5d204545-2f72-b89b-3190-a826b5ab6512,47389994-b201-4bb1-bf91-8bce4dbde510,12,11,8,11,2026-07-24,19,56.0,True,High,low,recurred within 56d (12 tickets),Inspect recurring apartment/issue; check if equipment needs repair/replacement
990e8a3e-a69c-7b31-f606-3eeb21e3d4c6,28158382-d5c1-436c-927b-3e3d9855c2af,11,10,8,9,2026-06-24,49,37.0,True,High,low,recurred within 37d (11 tickets),Inspect recurring apartment/issue; check if equipment needs repair/replacement
bc7f358d-0d6d-f95f-ff80-9089eefdef69,47389994-b201-4bb1-bf91-8bce4dbde510,11,10,8,10,2026-08-04,8,13.0,True,High,high,recurred within 13d (11 tickets),Inspect recurring apartment/issue; check if equipment needs repair/replacement
c2ff0c11-4d1b-7b9b-b93c-aa37c9b6c40b,01208ba1-4225-4a61-be39-3afe03dad690,11,10,8,9,2026-06-18,55,0.0,True,High,low,recurred within 0d (11 tickets),Inspect recurring apartment/issue; check if equipment needs repair/replacement
c2ff0c11-4d1b-7b9b-b93c-aa37c9b6c40b,e2aa2aaa-8af6-4807-9a4e-7665c5421eed,11,10,8,10,2026-07-19,24,103.0,True,High,low,8 recurrences <=90d (11 tickets),Inspect recurring apartment/issue; review technician history
ffbd5fe0-d9b3-cb55-cfd7-2d72a3498109,a5831922-eaeb-48c2-941c-fd96fae8813d,11,10,8,10,2026-05-25,79,18.0,True,High,low,recurred within 18d (11 tickets),Inspect recurring apartment/issue; check if equipment needs repair/replacement
03edc7c5-4c46-b55e-523d-9fb7be29910b,caf6381e-5189-4c1f-bf0a-4dfd99d9b9e7,10,9,8,9,2026-02-28,165,178.0,True,High,low,8 recurrences <=90d (10 tickets),Inspect recurring apartment/issue; review technician history
574de174-c7bb-bc11-f282-cff2aa2501c5,01208ba1-4225-4a61-be39-3afe03dad690,10,9,8,9,2026-01-28,196,7.0,True,High,low,recurred within 7d (10 tickets),Inspect recurring apartment/issue; check if equipment needs repair/replacement
bde00681-ebfc-ef38-4f6e-4906a012de6b,a5831922-eaeb-48c2-941c-fd96fae8813d,10,9,8,9,2026-07-13,30,0.0,True,High,low,recurred within 0d (10 tickets),Inspect recurring apartment/issue; check if equipment needs repair/replacement
c2ff0c11-4d1b-7b9b-b93c-aa37c9b6c40b,47389994-b201-4bb1-bf91-8bce4dbde510,10,9,8,9,2026-05-11,93,0.0,True,High,low,recurred within 0d (10 tickets),Inspect recurring apartment/issue; check if equipment needs repair/replacement
dd96a329-ec95-e96a-1348-69d976f39cd4,28158382-d5c1-436c-927b-3e3d9855c2af,10,9,8,9,2026-05-11,93,6.0,True,High,low,recurred within 6d (10 tickets),Inspect recurring apartment/issue; check if equipment needs repair/replacement
1b4d1066-8fe4-199b-7b3b-39e4bded9714,28158382-d5c1-436c-927b-3e3d9855c2af,9,8,8,8,2026-01-12,212,43.0,True,High,low,recurred within 43d (9 tickets),Inspect recurring apartment/issue; check if equipment needs repair/replacement
79853a4a-cb02-508c-e041-7e23378aec9c,caf6381e-5189-4c1f-bf0a-4dfd99d9b9e7,10,9,7,9,2026-08-07,5,0.0,True,High,low,recurred within 0d (10 tickets),Inspect recurring apartment/issue; check if equipment needs repair/replacement
85292340-826d-52c1-65c7-7f2a9eb2c2c4,a5831922-eaeb-48c2-941c-fd96fae8813d,10,9,7,9,2026-07-06,37,35.0,True,High,low,recurred within 35d (10 tickets),Inspect recurring apartment/issue; check if equipment needs repair/replacement
b0d4d2c8-f6ee-bc16-ffd7-fc33c8db8571,28158382-d5c1-436c-927b-3e3d9855c2af,10,9,7,7,2026-07-12,31,30.0,True,High,low,recurred within 30d (10 tickets),Inspect recurring apartment/issue; check if equipment needs repair/replacement
b0d4d2c8-f6ee-bc16-ffd7-fc33c8db8571,47389994-b201-4bb1-bf91-8bce4dbde510,10,9,7,8,2026-08-09,3,109.0,True,High,low,7 recurrences <=90d (10 tickets),Inspect recurring apartment/issue; review technician history
bde00681-ebfc-ef38-4f6e-4906a012de6b,e2aa2aaa-8af6-4807-9a4e-7665c5421eed,10,9,7,9,2026-05-26,78,107.0,True,High,low,7 recurrences <=90d (10 tickets),Inspect recurring apartment/issue; review technician history
dd96a329-ec95-e96a-1348-69d976f39cd4,01208ba1-4225-4a61-be39-3afe03dad690,10,9,7,9,2025-11-19,266,21.0,True,High,low,recurred within 21d (10 tickets),Inspect recurring apartment/issue; check if equipment needs repair/replacement
2fc42a4f-fe5a-ae08-0e4e-2c89ca71db85,d76dd3bd-ccb7-4991-a01f-ce158dfe908e,9,8,7,7,2026-08-09,3,185.0,True,High,low,7 recurrences <=90d (9 tickets),Inspect recurring apartment/issue; review technician history
417c9738-a0f7-5a00-1091-37a9fd083dd6,a5831922-eaeb-48c2-941c-fd96fae8813d,9,8,7,8,2026-07-22,21,12.0,True,High,low,recurred within 12d (9 tickets),Inspect recurring apartment/issue; check if equipment needs repair/replacement
d2298bb8-a5e5-735a-c8ca-9b18c7daacd6,caf6381e-5189-4c1f-bf0a-4dfd99d9b9e7,9,8,7,7,2026-04-17,117,7.0,True,High,low,recurred within 7d (9 tickets),Inspect recurring apartment/issue; check if equipment needs repair/replacement
dc4adc21-f501-0573-2e9a-d7bbbc89e5d6,a5831922-eaeb-48c2-941c-fd96fae8813d,9,8,7,7,2026-07-18,25,2.0,True,High,low,recurred within 2d (9 tickets),Inspect recurring apartment/issue; check if equipment needs repair/replacement
dc4adc21-f501-0573-2e9a-d7bbbc89e5d6,d76dd3bd-ccb7-4991-a01f-ce158dfe908e,9,8,7,8,2026-05-27,77,96.0,True,High,low,7 recurrences <=90d (9 tickets),Inspect recurring apartment/issue; review technician history
dd96a329-ec95-e96a-1348-69d976f39cd4,d76dd3bd-ccb7-4991-a01f-ce158dfe908e,9,8,7,8,2026-06-06,67,37.0,True,High,low,recurred within 37d (9 tickets),Inspect recurring apartment/issue; check if equipment needs repair/replacement
1b4d1066-8fe4-199b-7b3b-39e4bded9714,d76dd3bd-ccb7-4991-a01f-ce158dfe908e,8,7,7,7,2026-03-11,154,6.0,True,High,low,recurred within 6d (8 tickets),Inspect recurring apartment/issue; check if equipment needs repair/replacement
1b4d1066-8fe4-199b-7b3b-39e4bded9714,caf6381e-5189-4c1f-bf0a-4dfd99d9b9e7,9,8,6,7,2026-04-26,108,57.0,True,High,low,recurred within 57d (9 tickets),Inspect recurring apartment/issue; check if equipment needs repair/replacement
79853a4a-cb02-508c-e041-7e23378aec9c,47389994-b201-4bb1-bf91-8bce4dbde510,9,8,6,8,2026-07-30,13,13.0,True,High,low,recurred within 13d (9 tickets),Inspect recurring apartment/issue; check if equipment needs repair/replacement
990e8a3e-a69c-7b31-f606-3eeb21e3d4c6,abc84f5b-a950-406e-ab46-cefbe11df925,9,8,6,8,2026-06-24,49,24.0,True,High,low,recurred within 24d (9 tickets),Inspect recurring apartment/issue; check if equipment needs repair/replacement
aa73cade-c28c-dc5b-5980-55801ea0d415,a5831922-eaeb-48c2-941c-fd96fae8813d,9,8,6,8,2026-06-14,59,135.0,True,High,low,6 recurrences <=90d (9 tickets),Inspect recurring apartment/issue; review technician history
d2298bb8-a5e5-735a-c8ca-9b18c7daacd6,47389994-b201-4bb1-bf91-8bce4dbde510,9,8,6,7,2026-06-25,48,8.0,True,High,low,recurred within 8d (9 tickets),Inspect recurring apartment/issue; check if equipment needs repair/replacement
dc4adc21-f501-0573-2e9a-d7bbbc89e5d6,47389994-b201-4bb1-bf91-8bce4dbde510,9,8,6,8,2026-07-12,31,120.0,True,High,low,6 recurrences <=90d (9 tickets),Inspect recurring apartment/issue; review technician history
03edc7c5-4c46-b55e-523d-9fb7be29910b,47389994-b201-4bb1-bf91-8bce4dbde510,8,7,6,7,2026-07-24,19,41.0,True,High,low,recurred within 41d (8 tickets),Inspect recurring apartment/issue; check if equipment needs repair/replacement
1b4d1066-8fe4-199b-7b3b-39e4bded9714,01208ba1-4225-4a61-be39-3afe03dad690,8,7,6,7,2026-06-19,54,116.0,True,High,low,6 recurrences <=90d (8 tickets),Inspect recurring apartment/issue; review technician history
417c9738-a0f7-5a00-1091-37a9fd083dd6,47389994-b201-4bb1-bf91-8bce4dbde510,8,7,6,7,2025-12-31,224,163.0,True,High,low,6 recurrences <=90d (8 tickets),Inspect recurring apartment/issue; review technician history
bde00681-ebfc-ef38-4f6e-4906a012de6b,7917cc13-aaca-4558-a2c2-8be5cd8fc159,8,7,6,6,2026-04-24,110,42.0,True,High,low,recurred within 42d (8 tickets),Inspect recurring apartment/issue; check if equipment needs repair/replacement
bde00681-ebfc-ef38-4f6e-4906a012de6b,caf6381e-5189-4c1f-bf0a-4dfd99d9b9e7,8,7,6,6,2026-05-19,85,182.0,True,High,low,6 recurrences <=90d (8 tickets),Inspect recurring apartment/issue; review technician history
1b4d1066-8fe4-199b-7b3b-39e4bded9714,abc84f5b-a950-406e-ab46-cefbe11df925,7,6,6,6,2025-11-01,284,6.0,True,High,low,recurred within 6d (7 tickets),Inspect recurring apartment/issue; check if equipment needs repair/replacement
990e8a3e-a69c-7b31-f606-3eeb21e3d4c6,7917cc13-aaca-4558-a2c2-8be5cd8fc159,7,6,6,6,2026-03-17,148,0.0,True,High,low,recurred within 0d (7 tickets),Inspect recurring apartment/issue; check if equipment needs repair/replacement
233cca0e-efcf-e631-d2fc-9997a6ba5706,a5831922-eaeb-48c2-941c-fd96fae8813d,8,7,5,6,2026-07-01,42,0.0,True,High,low,recurred within 0d (8 tickets),Inspect recurring apartment/issue; check if equipment needs repair/replacement
5d204545-2f72-b89b-3190-a826b5ab6512,28158382-d5c1-436c-927b-3e3d9855c2af,8,7,5,7,2026-07-25,18,61.0,True,High,low,recurred within 61d (8 tickets),Inspect recurring apartment/issue; check if equipment needs repair/replacement
77c3a6fd-4651-d880-29aa-abd19c8324df,a5831922-eaeb-48c2-941c-fd96fae8813d,8,7,5,7,2026-07-11,32,45.0,True,High,high,recurred within 45d (8 tickets),Inspect recurring apartment/issue; check if equipment needs repair/replacement
9d5d0096-0b78-a663-1142-be871dfa2bda,a5831922-eaeb-48c2-941c-fd96fae8813d,8,7,5,7,2026-07-20,23,140.0,True,High,low,5 recurrences <=90d (8 tickets),Inspect recurring apartment/issue; review technician history
aa73cade-c28c-dc5b-5980-55801ea0d415,47389994-b201-4bb1-bf91-8bce4dbde510,8,7,5,6,2026-06-04,69,176.0,True,High,low,5 recurrences <=90d (8 tickets),Inspect recurring apartment/issue; review technician history
dc4adc21-f501-0573-2e9a-d7bbbc89e5d6,e2aa2aaa-8af6-4807-9a4e-7665c5421eed,8,7,5,6,2026-05-10,94,25.0,True,High,low,recurred within 25d (8 tickets),Inspect recurring apartment/issue; check if equipment needs repair/replacement
03edc7c5-4c46-b55e-523d-9fb7be29910b,d76dd3bd-ccb7-4991-a01f-ce158dfe908e,7,6,5,5,2026-04-08,126,281.0,True,High,low,5 recurrences <=90d (7 tickets),Inspect recurring apartment/issue; review technician history
9d5d0096-0b78-a663-1142-be871dfa2bda,e2aa2aaa-8af6-4807-9a4e-7665c5421eed,7,6,5,6,2026-02-28,165,99.0,True,High,low,5 recurrences <=90d (7 tickets),Inspect recurring apartment/issue; review technician history
aa73cade-c28c-dc5b-5980-55801ea0d415,e2aa2aaa-8af6-4807-9a4e-7665c5421eed,7,6,5,5,2026-07-22,21,48.0,True,High,low,recurred within 48d (7 tickets),Inspect recurring apartment/issue; check if equipment needs repair/replacement
b0d4d2c8-f6ee-bc16-ffd7-fc33c8db8571,abc84f5b-a950-406e-ab46-cefbe11df925,7,6,5,6,2026-08-11,1,68.0,True,High,high,recurred within 68d (7 tickets),Inspect recurring apartment/issue; check if equipment needs repair/replacement
fb5cedd6-2992-1c62-7fba-4a7a6b43b2ff,abc84f5b-a950-406e-ab46-cefbe11df925,7,6,5,5,2026-08-11,1,48.0,True,High,high,recurred within 48d (7 tickets),Inspect recurring apartment/issue; check if equipment needs repair/replacement
2fc42a4f-fe5a-ae08-0e4e-2c89ca71db85,01208ba1-4225-4a61-be39-3afe03dad690,6,5,5,5,2025-10-18,298,0.0,True,High,low,recurred within 0d (6 tickets),Inspect recurring apartment/issue; check if equipment needs repair/replacement
a361bd0d-c2c1-2aee-6303-d65de004edd0,abc84f5b-a950-406e-ab46-cefbe11df925,6,5,5,5,2026-06-14,59,40.0,True,High,high,recurred within 40d (6 tickets),Inspect recurring apartment/issue; check if equipment needs repair/replacement
b0d4d2c8-f6ee-bc16-ffd7-fc33c8db8571,e2aa2aaa-8af6-4807-9a4e-7665c5421eed,6,5,5,5,2026-06-03,70,56.0,True,High,low,recurred within 56d (6 tickets),Inspect recurring apartment/issue; check if equipment needs repair/replacement
fad74a92-8e64-787e-38c3-8ebdb9db6511,28158382-d5c1-436c-927b-3e3d9855c2af,6,5,5,5,2026-08-11,1,25.0,True,High,high,recurred within 25d (6 tickets),Inspect recurring apartment/issue; check if equipment needs repair/replacement
77c3a6fd-4651-d880-29aa-abd19c8324df,d76dd3bd-ccb7-4991-a01f-ce158dfe908e,8,7,4,7,2026-08-03,9,64.0,True,High,low,recurred within 64d (8 tickets),Inspect recurring apartment/issue; check if equipment needs repair/replacement
b0d4d2c8-f6ee-bc16-ffd7-fc33c8db8571,01208ba1-4225-4a61-be39-3afe03dad690,8,7,4,7,2026-08-03,9,19.0,True,High,low,recurred within 19d (8 tickets),Inspect recurring apartment/issue; check if equipment needs repair/replacement
574de174-c7bb-bc11-f282-cff2aa2501c5,28158382-d5c1-436c-927b-3e3d9855c2af,7,6,4,6,2026-06-08,65,129.0,True,High,low,4 recurrences <=90d (7 tickets),Inspect recurring apartment/issue; review technician history
5d204545-2f72-b89b-3190-a826b5ab6512,caf6381e-5189-4c1f-bf0a-4dfd99d9b9e7,7,6,4,5,2026-06-28,45,16.0,True,High,low,recurred within 16d (7 tickets),Inspect recurring apartment/issue; check if equipment needs repair/replacement
85292340-826d-52c1-65c7-7f2a9eb2c2c4,28158382-d5c1-436c-927b-3e3d9855c2af,7,6,4,6,2026-06-23,50,110.0,True,High,low,4 recurrences <=90d (7 tickets),Inspect recurring apartment/issue; review technician history
b0d4d2c8-f6ee-bc16-ffd7-fc33c8db8571,caf6381e-5189-4c1f-bf0a-4dfd99d9b9e7,7,6,4,5,2026-03-07,158,32.0,True,High,low,recurred within 32d (7 tickets),Inspect recurring apartment/issue; check if equipment needs repair/replacement
03edc7c5-4c46-b55e-523d-9fb7be29910b,e2aa2aaa-8af6-4807-9a4e-7665c5421eed,6,5,4,5,2026-05-27,77,75.0,True,High,low,recurred within 75d (6 tickets),Inspect recurring apartment/issue; check if equipment needs repair/replacement
5d204545-2f72-b89b-3190-a826b5ab6512,e2aa2aaa-8af6-4807-9a4e-7665c5421eed,6,5,4,4,2026-07-25,18,58.0,True,High,high,recurred within 58d (6 tickets),Inspect recurring apartment/issue; check if equipment needs repair/replacement
79853a4a-cb02-508c-e041-7e23378aec9c,28158382-d5c1-436c-927b-3e3d9855c2af,6,5,4,4,2026-05-21,83,29.0,True,High,high,recurred within 29d (6 tickets),Inspect recurring apartment/issue; check if equipment needs repair/replacement
85292340-826d-52c1-65c7-7f2a9eb2c2c4,e2aa2aaa-8af6-4807-9a4e-7665c5421eed,6,5,4,5,2026-02-22,171,0.0,True,High,low,recurred within 0d (6 tickets),Inspect recurring apartment/issue; check if equipment needs repair/replacement
9d5d0096-0b78-a663-1142-be871dfa2bda,47389994-b201-4bb1-bf91-8bce4dbde510,6,5,4,4,2026-05-17,87,1.0,True,High,low,recurred within 1d (6 tickets),Inspect recurring apartment/issue; check if equipment needs repair/replacement
a361bd0d-c2c1-2aee-6303-d65de004edd0,d76dd3bd-ccb7-4991-a01f-ce158dfe908e,6,5,4,5,2026-02-19,174,0.0,True,High,low,recurred within 0d (6 tickets),Inspect recurring apartment/issue; check if equipment needs repair/replacement
c17c5093-48b7-139f-ebfc-1cd33ef5179c,7917cc13-aaca-4558-a2c2-8be5cd8fc159,6,5,4,4,2026-05-22,82,360.0,True,High,low,4 recurrences <=90d (6 tickets),Inspect recurring apartment/issue; review technician history
49ed1c8e-3653-c89b-ec74-16d8e20bb923,28158382-d5c1-436c-927b-3e3d9855c2af,5,4,4,4,2026-06-12,61,25.0,True,High,high,recurred within 25d (5 tickets),Inspect recurring apartment/issue; check if equipment needs repair/replacement
82b270bf-e567-2deb-5ef3-495baafd7645,28158382-d5c1-436c-927b-3e3d9855c2af,5,4,4,4,2026-06-15,58,3.0,True,High,high,recurred within 3d (5 tickets),Inspect recurring apartment/issue; check if equipment needs repair/replacement
82b270bf-e567-2deb-5ef3-495baafd7645,a5831922-eaeb-48c2-941c-fd96fae8813d,5,4,4,4,2026-08-03,9,34.0,True,High,high,recurred within 34d (5 tickets),Inspect recurring apartment/issue; check if equipment needs repair/replacement
85292340-826d-52c1-65c7-7f2a9eb2c2c4,caf6381e-5189-4c1f-bf0a-4dfd99d9b9e7,5,4,4,4,2026-06-06,67,25.0,True,High,low,recurred within 25d (5 tickets),Inspect recurring apartment/issue; check if equipment needs repair/replacement
ffbd5fe0-d9b3-cb55-cfd7-2d72a3498109,28158382-d5c1-436c-927b-3e3d9855c2af,5,4,4,4,2025-06-21,417,23.0,True,High,low,recurred within 23d (5 tickets),Inspect recurring apartment/issue; check if equipment needs repair/replacement
2fc42a4f-fe5a-ae08-0e4e-2c89ca71db85,e2aa2aaa-8af6-4807-9a4e-7665c5421eed,7,6,3,5,2026-07-03,40,91.0,True,High,low,3 recurrences <=90d (7 tickets),Inspect recurring apartment/issue; review technician history
990e8a3e-a69c-7b31-f606-3eeb21e3d4c6,01208ba1-4225-4a61-be39-3afe03dad690,7,6,3,5,2026-07-04,39,254.0,True,High,low,3 recurrences <=90d (7 tickets),Inspect recurring apartment/issue; review technician history
a361bd0d-c2c1-2aee-6303-d65de004edd0,28158382-d5c1-436c-927b-3e3d9855c2af,7,6,3,5,2026-08-06,6,37.0,True,High,low,recurred within 37d (7 tickets),Inspect recurring apartment/issue; check if equipment needs repair/replacement
0a839c14-2a88-9896-c2f2-8d51fe610405,47389994-b201-4bb1-bf91-8bce4dbde510,6,5,3,5,2026-08-02,10,166.0,True,High,low,3 recurrences <=90d (6 tickets),Inspect recurring apartment/issue; review technician history
86ad1ceb-8d81-a926-d998-3a2f1cafba06,47389994-b201-4bb1-bf91-8bce4dbde510,6,5,3,3,2026-07-25,18,0.0,True,High,low,recurred within 0d (6 tickets),Inspect recurring apartment/issue; check if equipment needs repair/replacement
990e8a3e-a69c-7b31-f606-3eeb21e3d4c6,e2aa2aaa-8af6-4807-9a4e-7665c5421eed,6,5,3,4,2026-05-02,102,6.0,True,High,low,recurred within 6d (6 tickets),Inspect recurring apartment/issue; check if equipment needs repair/replacement
aa73cade-c28c-dc5b-5980-55801ea0d415,28158382-d5c1-436c-927b-3e3d9855c2af,6,5,3,4,2026-05-24,80,175.0,True,High,low,3 recurrences <=90d (6 tickets),Inspect recurring apartment/issue; review technician history
c17c5093-48b7-139f-ebfc-1cd33ef5179c,47389994-b201-4bb1-bf91-8bce4dbde510,6,5,3,4,2026-04-09,125,1.0,True,High,high,recurred within 1d (6 tickets),Inspect recurring apartment/issue; check if equipment needs repair/replacement
03edc7c5-4c46-b55e-523d-9fb7be29910b,28158382-d5c1-436c-927b-3e3d9855c2af,5,4,3,3,2026-02-05,188,254.0,True,High,low,3 recurrences <=90d (5 tickets),Inspect recurring apartment/issue; review technician history
10c6863d-07c3-4fc4-94f9-6adc29157ce1,28158382-d5c1-436c-927b-3e3d9855c2af,5,4,3,3,2026-05-18,86,59.0,True,High,low,recurred within 59d (5 tickets),Inspect recurring apartment/issue; check if equipment needs repair/replacement
574de174-c7bb-bc11-f282-cff2aa2501c5,47389994-b201-4bb1-bf91-8bce4dbde510,5,4,3,4,2026-03-21,144,0.0,True,High,low,recurred within 0d (5 tickets),Inspect recurring apartment/issue; check if equipment needs repair/replacement
79853a4a-cb02-508c-e041-7e23378aec9c,a5831922-eaeb-48c2-941c-fd96fae8813d,5,4,3,3,2026-07-18,25,8.0,True,High,high,recurred within 8d (5 tickets),Inspect recurring apartment/issue; check if equipment needs repair/replacement
a361bd0d-c2c1-2aee-6303-d65de004edd0,01208ba1-4225-4a61-be39-3afe03dad690,5,4,3,3,2026-02-19,174,10.0,True,High,low,recurred within 10d (5 tickets),Inspect recurring apartment/issue; check if equipment needs repair/replacement
a361bd0d-c2c1-2aee-6303-d65de004edd0,47389994-b201-4bb1-bf91-8bce4dbde510,5,4,3,4,2026-07-01,42,104.0,True,High,low,3 recurrences <=90d (5 tickets),Inspect recurring apartment/issue; review technician history
a361bd0d-c2c1-2aee-6303-d65de004edd0,e2aa2aaa-8af6-4807-9a4e-7665c5421eed,5,4,3,4,2026-07-01,42,17.0,True,High,low,recurred within 17d (5 tickets),Inspect recurring apartment/issue; check if equipment needs repair/replacement
bde00681-ebfc-ef38-4f6e-4906a012de6b,abc84f5b-a950-406e-ab46-cefbe11df925,5,4,3,4,2026-05-18,86,68.0,True,High,low,recurred within 68d (5 tickets),Inspect recurring apartment/issue; check if equipment needs repair/replacement
c17c5093-48b7-139f-ebfc-1cd33ef5179c,28158382-d5c1-436c-927b-3e3d9855c2af,5,4,3,4,2026-06-12,61,18.0,True,High,high,recurred within 18d (5 tickets),Inspect recurring apartment/issue; check if equipment needs repair/replacement
d2298bb8-a5e5-735a-c8ca-9b18c7daacd6,d76dd3bd-ccb7-4991-a01f-ce158dfe908e,5,4,3,3,2026-03-03,162,293.0,True,High,low,3 recurrences <=90d (5 tickets),Inspect recurring apartment/issue; review technician history
fb5cedd6-2992-1c62-7fba-4a7a6b43b2ff,caf6381e-5189-4c1f-bf0a-4dfd99d9b9e7,5,4,3,4,2026-06-01,72,38.0,True,High,low,recurred within 38d (5 tickets),Inspect recurring apartment/issue; check if equipment needs repair/replacement
77c3a6fd-4651-d880-29aa-abd19c8324df,e2aa2aaa-8af6-4807-9a4e-7665c5421eed,4,3,3,3,2026-07-09,34,13.0,True,High,high,recurred within 13d (4 tickets),Inspect recurring apartment/issue; check if equipment needs repair/replacement
aa73cade-c28c-dc5b-5980-55801ea0d415,caf6381e-5189-4c1f-bf0a-4dfd99d9b9e7,4,3,3,3,2025-11-16,269,4.0,True,High,low,recurred within 4d (4 tickets),Inspect recurring apartment/issue; check if equipment needs repair/replacement
b0875d50-a469-821b-57c3-03ac62809198,47389994-b201-4bb1-bf91-8bce4dbde510,4,3,3,3,2025-08-05,372,36.0,True,High,low,recurred within 36d (4 tickets),Inspect recurring apartment/issue; check if equipment needs repair/replacement
b0875d50-a469-821b-57c3-03ac62809198,abc84f5b-a950-406e-ab46-cefbe11df925,4,3,3,3,2026-07-27,16,13.0,True,High,high,recurred within 13d (4 tickets),Inspect recurring apartment/issue; check if equipment needs repair/replacement
bc7f358d-0d6d-f95f-ff80-9089eefdef69,e2aa2aaa-8af6-4807-9a4e-7665c5421eed,4,3,3,3,2026-04-23,111,64.0,True,High,low,recurred within 64d (4 tickets),Inspect recurring apartment/issue; check if equipment needs repair/replacement
dd96a329-ec95-e96a-1348-69d976f39cd4,7917cc13-aaca-4558-a2c2-8be5cd8fc159,4,3,3,3,2026-01-31,193,13.0,True,High,low,recurred within 13d (4 tickets),Inspect recurring apartment/issue; check if equipment needs repair/replacement
dd96a329-ec95-e96a-1348-69d976f39cd4,abc84f5b-a950-406e-ab46-cefbe11df925,4,3,3,3,2026-05-06,98,14.0,True,High,high,recurred within 14d (4 tickets),Inspect recurring apartment/issue; check if equipment needs repair/replacement
fb5cedd6-2992-1c62-7fba-4a7a6b43b2ff,7917cc13-aaca-4558-a2c2-8be5cd8fc159,4,3,3,3,2026-07-29,14,0.0,True,High,high,recurred within 0d (4 tickets),Inspect recurring apartment/issue; check if equipment needs repair/replacement
bc7f358d-0d6d-f95f-ff80-9089eefdef69,01208ba1-4225-4a61-be39-3afe03dad690,6,5,2,5,2026-04-24,110,95.0,True,High,low,2 recurrences <=90d (6 tickets),Inspect recurring apartment/issue; review technician history
fb5cedd6-2992-1c62-7fba-4a7a6b43b2ff,47389994-b201-4bb1-bf91-8bce4dbde510,6,5,2,4,2026-08-11,1,41.0,True,High,low,recurred within 41d (6 tickets),Inspect recurring apartment/issue; check if equipment needs repair/replacement
1b4d1066-8fe4-199b-7b3b-39e4bded9714,e2aa2aaa-8af6-4807-9a4e-7665c5421eed,5,4,2,4,2026-07-23,20,109.0,True,High,low,2 recurrences <=90d (5 tickets),Inspect recurring apartment/issue; review technician history
233cca0e-efcf-e631-d2fc-9997a6ba5706,e2aa2aaa-8af6-4807-9a4e-7665c5421eed,5,4,2,4,2026-06-30,43,166.0,True,High,low,2 recurrences <=90d (5 tickets),Inspect recurring apartment/issue; review technician history
574de174-c7bb-bc11-f282-cff2aa2501c5,a5831922-eaeb-48c2-941c-fd96fae8813d,5,4,2,4,2026-04-22,112,31.0,True,High,low,recurred within 31d (5 tickets),Inspect recurring apartment/issue; check if equipment needs repair/replacement
85292340-826d-52c1-65c7-7f2a9eb2c2c4,abc84f5b-a950-406e-ab46-cefbe11df925,5,4,2,4,2026-02-22,171,0.0,True,High,low,recurred within 0d (5 tickets),Inspect recurring apartment/issue; check if equipment needs repair/replacement
c17c5093-48b7-139f-ebfc-1cd33ef5179c,e2aa2aaa-8af6-4807-9a4e-7665c5421eed,5,4,2,3,2026-06-12,61,113.0,True,High,low,2 recurrences <=90d (5 tickets),Inspect recurring apartment/issue; review technician history
fb5cedd6-2992-1c62-7fba-4a7a6b43b2ff,a5831922-eaeb-48c2-941c-fd96fae8813d,5,4,2,3,2026-04-19,115,9.0,True,High,low,recurred within 9d (5 tickets),Inspect recurring apartment/issue; check if equipment needs repair/replacement
ffbd5fe0-d9b3-cb55-cfd7-2d72a3498109,47389994-b201-4bb1-bf91-8bce4dbde510,5,4,2,3,2026-05-29,75,212.0,True,High,low,2 recurrences <=90d (5 tickets),Inspect recurring apartment/issue; review technician history
10c6863d-07c3-4fc4-94f9-6adc29157ce1,e2aa2aaa-8af6-4807-9a4e-7665c5421eed,4,3,2,2,2026-06-20,53,40.0,True,High,high,recurred within 40d (4 tickets),Inspect recurring apartment/issue; check if equipment needs repair/replacement
188aee4d-68e0-1ddb-38e6-a946bc75072d,47389994-b201-4bb1-bf91-8bce4dbde510,4,3,2,2,2026-06-06,67,212.0,True,High,low,2 recurrences <=90d (4 tickets),Inspect recurring apartment/issue; review technician history
5d204545-2f72-b89b-3190-a826b5ab6512,abc84f5b-a950-406e-ab46-cefbe11df925,4,3,2,2,2026-07-15,28,18.0,True,High,high,recurred within 18d (4 tickets),Inspect recurring apartment/issue; check if equipment needs repair/replacement
5d204545-2f72-b89b-3190-a826b5ab6512,d76dd3bd-ccb7-4991-a01f-ce158dfe908e,4,3,2,3,2025-09-23,323,4.0,True,High,low,recurred within 4d (4 tickets),Inspect recurring apartment/issue; check if equipment needs repair/replacement
77c3a6fd-4651-d880-29aa-abd19c8324df,01208ba1-4225-4a61-be39-3afe03dad690,4,3,2,2,2026-04-28,106,8.0,True,High,high,recurred within 8d (4 tickets),Inspect recurring apartment/issue; check if equipment needs repair/replacement
77c3a6fd-4651-d880-29aa-abd19c8324df,7917cc13-aaca-4558-a2c2-8be5cd8fc159,4,3,2,2,2026-05-03,101,0.0,True,High,high,recurred within 0d (4 tickets),Inspect recurring apartment/issue; check if equipment needs repair/replacement
79853a4a-cb02-508c-e041-7e23378aec9c,d76dd3bd-ccb7-4991-a01f-ce158dfe908e,4,3,2,3,2026-01-20,204,136.0,True,High,low,2 recurrences <=90d (4 tickets),Inspect recurring apartment/issue; review technician history
82b270bf-e567-2deb-5ef3-495baafd7645,01208ba1-4225-4a61-be39-3afe03dad690,4,3,2,2,2026-07-15,28,0.0,True,High,high,recurred within 0d (4 tickets),Inspect recurring apartment/issue; check if equipment needs repair/replacement
85292340-826d-52c1-65c7-7f2a9eb2c2c4,01208ba1-4225-4a61-be39-3afe03dad690,4,3,2,3,2026-05-10,94,76.0,True,High,low,recurred within 76d (4 tickets),Inspect recurring apartment/issue; check if equipment needs repair/replacement
86ad1ceb-8d81-a926-d998-3a2f1cafba06,abc84f5b-a950-406e-ab46-cefbe11df925,4,3,2,3,2026-06-23,50,124.0,True,High,low,2 recurrences <=90d (4 tickets),Inspect recurring apartment/issue; review technician history
a361bd0d-c2c1-2aee-6303-d65de004edd0,7917cc13-aaca-4558-a2c2-8be5cd8fc159,4,3,2,3,2026-03-14,151,11.0,True,High,low,recurred within 11d (4 tickets),Inspect recurring apartment/issue; check if equipment needs repair/replacement
b0875d50-a469-821b-57c3-03ac62809198,a5831922-eaeb-48c2-941c-fd96fae8813d,4,3,2,2,2026-07-23,20,62.0,True,High,high,recurred within 62d (4 tickets),Inspect recurring apartment/issue; check if equipment needs repair/replacement
c2ff0c11-4d1b-7b9b-b93c-aa37c9b6c40b,7917cc13-aaca-4558-a2c2-8be5cd8fc159,4,3,2,3,2026-06-27,46,12.0,True,High,high,recurred within 12d (4 tickets),Inspect recurring apartment/issue; check if equipment needs repair/replacement
233cca0e-efcf-e631-d2fc-9997a6ba5706,caf6381e-5189-4c1f-bf0a-4dfd99d9b9e7,3,2,2,2,2026-01-13,211,30.0,True,High,low,recurred within 30d (3 tickets),Inspect recurring apartment/issue; check if equipment needs repair/replacement
323c0dff-be56-f6ee-f053-ee37de806dea,caf6381e-5189-4c1f-bf0a-4dfd99d9b9e7,3,2,2,2,2025-02-17,541,3.0,True,High,low,recurred within 3d (3 tickets),Inspect recurring apartment/issue; check if equipment needs repair/replacement
417c9738-a0f7-5a00-1091-37a9fd083dd6,7917cc13-aaca-4558-a2c2-8be5cd8fc159,3,2,2,2,2026-03-27,138,29.0,True,High,low,recurred within 29d (3 tickets),Inspect recurring apartment/issue; check if equipment needs repair/replacement
417c9738-a0f7-5a00-1091-37a9fd083dd6,a25aca1b-211b-41d3-ab08-78bd2b9541e8,3,2,2,2,2026-06-18,55,1.0,True,High,high,recurred within 1d (3 tickets),Inspect recurring apartment/issue; check if equipment needs repair/replacement
417c9738-a0f7-5a00-1091-37a9fd083dd6,d76dd3bd-ccb7-4991-a01f-ce158dfe908e,3,2,2,2,2025-09-29,317,0.0,True,High,low,recurred within 0d (3 tickets),Inspect recurring apartment/issue; check if equipment needs repair/replacement
49ed1c8e-3653-c89b-ec74-16d8e20bb923,caf6381e-5189-4c1f-bf0a-4dfd99d9b9e7,3,2,2,2,2026-04-28,106,1.0,True,High,high,recurred within 1d (3 tickets),Inspect recurring apartment/issue; check if equipment needs repair/replacement
4d1dd99b-b75a-70b5-406b-f5e869954002,d76dd3bd-ccb7-4991-a01f-ce158dfe908e,3,2,2,2,2026-03-19,146,19.0,True,High,low,recurred within 19d (3 tickets),Inspect recurring apartment/issue; check if equipment needs repair/replacement
86ad1ceb-8d81-a926-d998-3a2f1cafba06,28158382-d5c1-436c-927b-3e3d9855c2af,3,2,2,2,2026-07-25,18,84.0,True,High,high,recurred within 84d (3 tickets),Inspect recurring apartment/issue; check if equipment needs repair/replacement
fad74a92-8e64-787e-38c3-8ebdb9db6511,e2aa2aaa-8af6-4807-9a4e-7665c5421eed,3,2,2,2,2026-07-16,27,0.0,True,High,high,recurred within 0d (3 tickets),Inspect recurring apartment/issue; check if equipment needs repair/replacement
fb5cedd6-2992-1c62-7fba-4a7a6b43b2ff,01208ba1-4225-4a61-be39-3afe03dad690,3,2,2,2,2025-02-22,536,0.0,True,High,low,recurred within 0d (3 tickets),Inspect recurring apartment/issue; check if equipment needs repair/replacement
03edc7c5-4c46-b55e-523d-9fb7be29910b,01208ba1-4225-4a61-be39-3afe03dad690,4,3,1,3,2026-02-16,177,66.0,True,High,low,recurred within 66d (4 tickets),Inspect recurring apartment/issue; check if equipment needs repair/replacement
10c6863d-07c3-4fc4-94f9-6adc29157ce1,01208ba1-4225-4a61-be39-3afe03dad690,4,3,1,2,2026-06-20,53,12.0,True,High,high,recurred within 12d (4 tickets),Inspect recurring apartment/issue; check if equipment needs repair/replacement
10c6863d-07c3-4fc4-94f9-6adc29157ce1,d76dd3bd-ccb7-4991-a01f-ce158dfe908e,3,2,1,2,2025-11-17,268,10.0,True,High,low,recurred within 10d (3 tickets),Inspect recurring apartment/issue; check if equipment needs repair/replacement
233cca0e-efcf-e631-d2fc-9997a6ba5706,d76dd3bd-ccb7-4991-a01f-ce158dfe908e,3,2,1,2,2025-10-04,312,4.0,True,High,low,recurred within 4d (3 tickets),Inspect recurring apartment/issue; check if equipment needs repair/replacement
49ed1c8e-3653-c89b-ec74-16d8e20bb923,a5831922-eaeb-48c2-941c-fd96fae8813d,3,2,1,1,2026-06-29,44,59.0,True,High,high,recurred within 59d (3 tickets),Inspect recurring apartment/issue; check if equipment needs repair/replacement
82b270bf-e567-2deb-5ef3-495baafd7645,47389994-b201-4bb1-bf91-8bce4dbde510,3,2,1,2,2025-10-30,286,85.0,True,High,low,recurred within 85d (3 tickets),Inspect recurring apartment/issue; check if equipment needs repair/replacement
990e8a3e-a69c-7b31-f606-3eeb21e3d4c6,d76dd3bd-ccb7-4991-a01f-ce158dfe908e,3,2,1,2,2025-12-29,226,86.0,True,High,low,recurred within 86d (3 tickets),Inspect recurring apartment/issue; check if equipment needs repair/replacement
bde00681-ebfc-ef38-4f6e-4906a012de6b,28158382-d5c1-436c-927b-3e3d9855c2af,3,2,1,2,2026-03-20,145,9.0,True,High,low,recurred within 9d (3 tickets),Inspect recurring apartment/issue; check if equipment needs repair/replacement
fb5cedd6-2992-1c62-7fba-4a7a6b43b2ff,e2aa2aaa-8af6-4807-9a4e-7665c5421eed,3,2,1,1,2026-04-13,121,5.0,True,High,high,recurred within 5d (3 tickets),Inspect recurring apartment/issue; check if equipment needs repair/replacement
ffbd5fe0-d9b3-cb55-cfd7-2d72a3498109,01208ba1-4225-4a61-be39-3afe03dad690,3,2,1,1,2026-04-10,124,21.0,True,High,low,recurred within 21d (3 tickets),Inspect recurring apartment/issue; check if equipment needs repair/replacement
0a839c14-2a88-9896-c2f2-8d51fe610405,f3614e6e-8394-40cd-bbb3-b1f78e9f17c2,2,1,1,1,2025-10-04,312,0.0,True,High,low,recurred within 0d (2 tickets),Inspect recurring apartment/issue; check if equipment needs repair/replacement
1183b300-b9ae-5e28-acb2-304cb2fd36db,47389994-b201-4bb1-bf91-8bce4dbde510,2,1,1,1,2026-04-28,106,5.0,True,High,high,recurred within 5d (2 tickets),Inspect recurring apartment/issue; check if equipment needs repair/replacement
1183b300-b9ae-5e28-acb2-304cb2fd36db,e2aa2aaa-8af6-4807-9a4e-7665c5421eed,2,1,1,1,2026-04-28,106,0.0,True,High,high,recurred within 0d (2 tickets),Inspect recurring apartment/issue; check if equipment needs repair/replacement
188aee4d-68e0-1ddb-38e6-a946bc75072d,a25aca1b-211b-41d3-ab08-78bd2b9541e8,2,1,1,1,2026-07-20,23,4.0,True,High,high,recurred within 4d (2 tickets),Inspect recurring apartment/issue; check if equipment needs repair/replacement
188aee4d-68e0-1ddb-38e6-a946bc75072d,d76dd3bd-ccb7-4991-a01f-ce158dfe908e,2,1,1,1,2026-08-03,9,5.0,True,High,high,recurred within 5d (2 tickets),Inspect recurring apartment/issue; check if equipment needs repair/replacement
323c0dff-be56-f6ee-f053-ee37de806dea,47389994-b201-4bb1-bf91-8bce4dbde510,2,1,1,1,2025-05-16,453,81.0,True,High,low,recurred within 81d (2 tickets),Inspect recurring apartment/issue; check if equipment needs repair/replacement
4d1dd99b-b75a-70b5-406b-f5e869954002,e2aa2aaa-8af6-4807-9a4e-7665c5421eed,2,1,1,1,2026-03-14,151,29.0,True,High,low,recurred within 29d (2 tickets),Inspect recurring apartment/issue; check if equipment needs repair/replacement
5d204545-2f72-b89b-3190-a826b5ab6512,7917cc13-aaca-4558-a2c2-8be5cd8fc159,2,1,1,1,2025-04-17,482,2.0,True,High,low,recurred within 2d (2 tickets),Inspect recurring apartment/issue; check if equipment needs repair/replacement
5d204545-2f72-b89b-3190-a826b5ab6512,a25aca1b-211b-41d3-ab08-78bd2b9541e8,2,1,1,1,2026-05-28,76,7.0,True,High,high,recurred within 7d (2 tickets),Inspect recurring apartment/issue; check if equipment needs repair/replacement
82b270bf-e567-2deb-5ef3-495baafd7645,a25aca1b-211b-41d3-ab08-78bd2b9541e8,2,1,1,1,2026-04-09,125,0.0,True,High,high,recurred within 0d (2 tickets),Inspect recurring apartment/issue; check if equipment needs repair/replacement
82b270bf-e567-2deb-5ef3-495baafd7645,abc84f5b-a950-406e-ab46-cefbe11df925,2,1,1,1,2026-06-30,43,18.0,True,High,high,recurred within 18d (2 tickets),Inspect recurring apartment/issue; check if equipment needs repair/replacement
86ad1ceb-8d81-a926-d998-3a2f1cafba06,01208ba1-4225-4a61-be39-3afe03dad690,2,1,1,1,2026-01-29,195,9.0,True,High,low,recurred within 9d (2 tickets),Inspect recurring apartment/issue; check if equipment needs repair/replacement
8767525e-d22f-a295-bc29-ba104fdc589a,01208ba1-4225-4a61-be39-3afe03dad690,2,1,1,1,2025-06-19,419,21.0,True,High,low,recurred within 21d (2 tickets),Inspect recurring apartment/issue; check if equipment needs repair/replacement
9d5d0096-0b78-a663-1142-be871dfa2bda,7917cc13-aaca-4558-a2c2-8be5cd8fc159,2,1,1,1,2026-05-24,80,71.0,True,High,high,recurred within 71d (2 tickets),Inspect recurring apartment/issue; check if equipment needs repair/replacement
9d5d0096-0b78-a663-1142-be871dfa2bda,a25aca1b-211b-41d3-ab08-78bd2b9541e8,2,1,1,1,2026-07-21,22,62.0,True,High,high,recurred within 62d (2 tickets),Inspect recurring apartment/issue; check if equipment needs repair/replacement
aa73cade-c28c-dc5b-5980-55801ea0d415,7917cc13-aaca-4558-a2c2-8be5cd8fc159,2,1,1,1,2025-10-18,298,89.0,True,High,low,recurred within 89d (2 tickets),Inspect recurring apartment/issue; check if equipment needs repair/replacement
aa73cade-c28c-dc5b-5980-55801ea0d415,c5f1c3c0-af88-4c54-9730-ebffed128bc9,2,1,1,1,2026-06-14,59,21.0,True,High,high,recurred within 21d (2 tickets),Inspect recurring apartment/issue; check if equipment needs repair/replacement
b0875d50-a469-821b-57c3-03ac62809198,01208ba1-4225-4a61-be39-3afe03dad690,2,1,1,1,2026-07-02,41,85.0,True,High,high,recurred within 85d (2 tickets),Inspect recurring apartment/issue; check if equipment needs repair/replacement
b0875d50-a469-821b-57c3-03ac62809198,28158382-d5c1-436c-927b-3e3d9855c2af,2,1,1,1,2026-07-30,13,81.0,True,High,high,recurred within 81d (2 tickets),Inspect recurring apartment/issue; check if equipment needs repair/replacement
b0d4d2c8-f6ee-bc16-ffd7-fc33c8db8571,a25aca1b-211b-41d3-ab08-78bd2b9541e8,2,1,1,1,2026-07-14,29,22.0,True,High,high,recurred within 22d (2 tickets),Inspect recurring apartment/issue; check if equipment needs repair/replacement
c17c5093-48b7-139f-ebfc-1cd33ef5179c,abc84f5b-a950-406e-ab46-cefbe11df925,2,1,1,1,2026-05-17,87,0.0,True,High,high,recurred within 0d (2 tickets),Inspect recurring apartment/issue; check if equipment needs repair/replacement
c2ff0c11-4d1b-7b9b-b93c-aa37c9b6c40b,54bc37a9-ef71-4e18-b896-593f71b161fa,2,1,1,1,2026-08-04,8,16.0,True,High,high,recurred within 16d (2 tickets),Inspect recurring apartment/issue; check if equipment needs repair/replacement
dc4adc21-f501-0573-2e9a-d7bbbc89e5d6,c5f1c3c0-af88-4c54-9730-ebffed128bc9,2,1,1,1,2026-05-22,82,12.0,True,High,high,recurred within 12d (2 tickets),Inspect recurring apartment/issue; check if equipment needs repair/replacement
dc4adc21-f501-0573-2e9a-d7bbbc89e5d6,caf6381e-5189-4c1f-bf0a-4dfd99d9b9e7,2,1,1,1,2025-04-18,481,0.0,True,High,low,recurred within 0d (2 tickets),Inspect recurring apartment/issue; check if equipment needs repair/replacement
dd96a329-ec95-e96a-1348-69d976f39cd4,a25aca1b-211b-41d3-ab08-78bd2b9541e8,2,1,1,1,2026-07-05,38,8.0,True,High,high,recurred within 8d (2 tickets),Inspect recurring apartment/issue; check if equipment needs repair/replacement
dd96a329-ec95-e96a-1348-69d976f39cd4,c5f1c3c0-af88-4c54-9730-ebffed128bc9,2,1,1,1,2026-08-08,4,32.0,True,High,high,recurred within 32d (2 tickets),Inspect recurring apartment/issue; check if equipment needs repair/replacement
fad74a92-8e64-787e-38c3-8ebdb9db6511,a5831922-eaeb-48c2-941c-fd96fae8813d,2,1,1,1,2026-06-01,72,22.0,True,High,high,recurred within 22d (2 tickets),Inspect recurring apartment/issue; check if equipment needs repair/replacement
fb5cedd6-2992-1c62-7fba-4a7a6b43b2ff,d76dd3bd-ccb7-4991-a01f-ce158dfe908e,2,1,1,1,2026-06-15,58,0.0,True,High,high,recurred within 0d (2 tickets),Inspect recurring apartment/issue; check if equipment needs repair/replacement
574de174-c7bb-bc11-f282-cff2aa2501c5,d76dd3bd-ccb7-4991-a01f-ce158dfe908e,5,4,1,4,2026-07-05,38,95.0,False,Medium,low,recurred within 95d (5 tickets),Monitor; inspect if it recurs again
82b270bf-e567-2deb-5ef3-495baafd7645,e2aa2aaa-8af6-4807-9a4e-7665c5421eed,5,4,1,3,2026-07-21,22,138.0,False,Medium,low,recurred within 138d (5 tickets),Monitor; inspect if it recurs again
bde00681-ebfc-ef38-4f6e-4906a012de6b,d76dd3bd-ccb7-4991-a01f-ce158dfe908e,5,4,1,3,2026-08-02,10,109.0,False,Medium,low,recurred within 109d (5 tickets),Monitor; inspect if it recurs again
0a839c14-2a88-9896-c2f2-8d51fe610405,a5831922-eaeb-48c2-941c-fd96fae8813d,4,3,1,2,2026-07-28,15,161.0,False,Medium,low,recurred within 161d (4 tickets),Monitor; inspect if it recurs again
0a839c14-2a88-9896-c2f2-8d51fe610405,d76dd3bd-ccb7-4991-a01f-ce158dfe908e,4,3,1,3,2026-01-20,204,101.0,False,Medium,low,recurred within 101d (4 tickets),Monitor; inspect if it recurs again
2fc42a4f-fe5a-ae08-0e4e-2c89ca71db85,caf6381e-5189-4c1f-bf0a-4dfd99d9b9e7,4,3,1,2,2026-02-08,185,154.0,False,Medium,low,recurred within 154d (4 tickets),Monitor; inspect if it recurs again
49ed1c8e-3653-c89b-ec74-16d8e20bb923,e2aa2aaa-8af6-4807-9a4e-7665c5421eed,4,3,1,3,2026-04-04,130,152.0,False,Medium,low,recurred within 152d (4 tickets),Monitor; inspect if it recurs again
77c3a6fd-4651-d880-29aa-abd19c8324df,caf6381e-5189-4c1f-bf0a-4dfd99d9b9e7,4,3,1,2,2026-08-10,2,105.0,False,Medium,high,recurred within 105d (4 tickets),Monitor; inspect if it recurs again
bc7f358d-0d6d-f95f-ff80-9089eefdef69,28158382-d5c1-436c-927b-3e3d9855c2af,4,3,1,3,2026-08-12,0,94.0,False,Medium,high,recurred within 94d (4 tickets),Monitor; inspect if it recurs again
323c0dff-be56-f6ee-f053-ee37de806dea,a5831922-eaeb-48c2-941c-fd96fae8813d,3,2,1,2,2025-06-21,417,104.0,False,Medium,low,recurred within 104d (3 tickets),Monitor; inspect if it recurs again
86ad1ceb-8d81-a926-d998-3a2f1cafba06,e2aa2aaa-8af6-4807-9a4e-7665c5421eed,3,2,1,2,2026-07-24,19,132.0,False,Medium,low,recurred within 132d (3 tickets),Monitor; inspect if it recurs again
dc4adc21-f501-0573-2e9a-d7bbbc89e5d6,01208ba1-4225-4a61-be39-3afe03dad690,3,2,1,2,2026-02-24,169,176.0,False,Medium,low,recurred within 176d (3 tickets),Monitor; inspect if it recurs again
bc7f358d-0d6d-f95f-ff80-9089eefdef69,caf6381e-5189-4c1f-bf0a-4dfd99d9b9e7,4,3,0,3,2026-06-09,64,112.0,False,Medium,low,recurred within 112d (4 tickets),Monitor; inspect if it recurs again
79853a4a-cb02-508c-e041-7e23378aec9c,01208ba1-4225-4a61-be39-3afe03dad690,3,2,0,1,2026-07-18,25,133.0,False,Medium,low,recurred within 133d (3 tickets),Monitor; inspect if it recurs again
85292340-826d-52c1-65c7-7f2a9eb2c2c4,d76dd3bd-ccb7-4991-a01f-ce158dfe908e,3,2,0,1,2026-07-13,30,122.0,False,Medium,low,recurred within 122d (3 tickets),Monitor; inspect if it recurs again
bc7f358d-0d6d-f95f-ff80-9089eefdef69,d76dd3bd-ccb7-4991-a01f-ce158dfe908e,3,2,0,2,2026-07-22,21,164.0,False,Medium,low,recurred within 164d (3 tickets),Monitor; inspect if it recurs again
c17c5093-48b7-139f-ebfc-1cd33ef5179c,a5831922-eaeb-48c2-941c-fd96fae8813d,3,2,0,1,2026-05-05,99,135.0,False,Medium,low,recurred within 135d (3 tickets),Monitor; inspect if it recurs again
d2298bb8-a5e5-735a-c8ca-9b18c7daacd6,28158382-d5c1-436c-927b-3e3d9855c2af,3,2,0,1,2026-07-28,15,146.0,False,Medium,low,recurred within 146d (3 tickets),Monitor; inspect if it recurs again
d2298bb8-a5e5-735a-c8ca-9b18c7daacd6,e2aa2aaa-8af6-4807-9a4e-7665c5421eed,3,2,0,2,2026-06-25,48,111.0,False,Medium,low,recurred within 111d (3 tickets),Monitor; inspect if it recurs again
0a839c14-2a88-9896-c2f2-8d51fe610405,01208ba1-4225-4a61-be39-3afe03dad690,2,1,0,1,2025-09-06,340,131.0,False,Medium,low,recurred within 131d (2 tickets),Monitor; inspect if it recurs again
10c6863d-07c3-4fc4-94f9-6adc29157ce1,47389994-b201-4bb1-bf91-8bce4dbde510,2,1,0,1,2026-03-08,157,168.0,False,Medium,low,recurred within 168d (2 tickets),Monitor; inspect if it recurs again
1b4d1066-8fe4-199b-7b3b-39e4bded9714,ec405235-70e9-407e-9aa2-b877f8f36af8,2,1,0,1,2026-02-23,170,159.0,False,Medium,low,recurred within 159d (2 tickets),Monitor; inspect if it recurs again
233cca0e-efcf-e631-d2fc-9997a6ba5706,01208ba1-4225-4a61-be39-3afe03dad690,2,1,0,1,2026-04-27,107,166.0,False,Medium,high,recurred within 166d (2 tickets),Monitor; inspect if it recurs again
2fc42a4f-fe5a-ae08-0e4e-2c89ca71db85,47389994-b201-4bb1-bf91-8bce4dbde510,2,1,0,1,2026-05-26,78,106.0,False,Medium,high,recurred within 106d (2 tickets),Monitor; inspect if it recurs again
2fc42a4f-fe5a-ae08-0e4e-2c89ca71db85,a25aca1b-211b-41d3-ab08-78bd2b9541e8,2,1,0,1,2026-07-28,15,97.0,False,Medium,high,recurred within 97d (2 tickets),Monitor; inspect if it recurs again
574de174-c7bb-bc11-f282-cff2aa2501c5,e2aa2aaa-8af6-4807-9a4e-7665c5421eed,2,1,0,1,2025-07-16,392,153.0,False,Medium,low,recurred within 153d (2 tickets),Monitor; inspect if it recurs again
8767525e-d22f-a295-bc29-ba104fdc589a,e2aa2aaa-8af6-4807-9a4e-7665c5421eed,2,1,0,1,2026-07-23,20,110.0,False,Medium,high,recurred within 110d (2 tickets),Monitor; inspect if it recurs again
a361bd0d-c2c1-2aee-6303-d65de004edd0,caf6381e-5189-4c1f-bf0a-4dfd99d9b9e7,2,1,0,1,2026-06-10,63,155.0,False,Medium,high,recurred within 155d (2 tickets),Monitor; inspect if it recurs again
b0875d50-a469-821b-57c3-03ac62809198,e2aa2aaa-8af6-4807-9a4e-7665c5421eed,2,1,0,1,2026-08-02,10,105.0,False,Medium,high,recurred within 105d (2 tickets),Monitor; inspect if it recurs again
bc7f358d-0d6d-f95f-ff80-9089eefdef69,7917cc13-aaca-4558-a2c2-8be5cd8fc159,2,1,0,1,2026-01-18,206,101.0,False,Medium,low,recurred within 101d (2 tickets),Monitor; inspect if it recurs again
c17c5093-48b7-139f-ebfc-1cd33ef5179c,01208ba1-4225-4a61-be39-3afe03dad690,2,1,0,1,2025-12-20,235,142.0,False,Medium,low,recurred within 142d (2 tickets),Monitor; inspect if it recurs again
dc4adc21-f501-0573-2e9a-d7bbbc89e5d6,ec405235-70e9-407e-9aa2-b877f8f36af8,2,1,0,1,2026-05-10,94,99.0,False,Medium,high,recurred within 99d (2 tickets),Monitor; inspect if it recurs again
dd96a329-ec95-e96a-1348-69d976f39cd4,caf6381e-5189-4c1f-bf0a-4dfd99d9b9e7,2,1,0,1,2026-01-14,210,100.0,False,Medium,low,recurred within 100d (2 tickets),Monitor; inspect if it recurs again
