tenant_id,is_active,cluster,segment,business_action,tenure_days,n_invoices,avg_rent,rent_cv,overdue_rate,avg_days_late,unpaid_count,avg_eb,billing_freq,discount_dependency,n_switches
00af40b2-545a-c400-060e-9eba5e004ea3,0,1,standard,Monitor,92,12,3331.75,1.3295175068445135,0.75,7.0,2,513.3333333333334,3.913043478260869,0.0,2
00ff5468-3680-2a12-23e4-82855ab3c697,0,1,standard,Monitor,151,6,12148.333333333334,0.38504921188792546,0.3333333333333333,18.5,0,917.3333333333334,1.1920529801324504,0.0,0
011b7d1c-5697-5394-c05b-fa0473640657,1,0,frequent-late-payer,Proactive collections,243,9,17638.0,0.23165891824469895,1.0,26.625,1,824.8888888888889,1.1111111111111112,0.02564102564102564,0
01af6f97-6cb1-4799-9476-493b8af42437,1,1,standard,Monitor,31,2,13500.0,0.0,0.0,0.0,0,1038.5,1.9354838709677418,0.0,0
02295215-68ff-b712-391f-44370ddab3fc,0,1,standard,Monitor,365,15,10941.933333333332,0.5194941799481817,0.4666666666666667,9.333333333333334,1,948.6,1.2328767123287672,0.0,0
024cbfa9-4c24-ccad-9d51-c10966293351,0,1,standard,Monitor,89,5,11770.6,0.6458349914219217,0.4,12.0,0,1175.2,1.6853932584269662,0.07692307692307693,0
0278721a-a690-833b-298a-16a351fb7a3a,1,0,frequent-late-payer,Proactive collections,426,15,19500.0,0.0,1.0,76.58333333333333,3,1461.7333333333333,1.0563380281690142,0.0,0
02b429ce-a6d5-6fef-b9c9-9bf315c162d2,0,1,standard,Monitor,138,7,8230.857142857143,1.2021833812211404,0.2857142857142857,0.0,2,980.8571428571429,1.5217391304347827,0.02564102564102564,0
0340956c-c19a-d700-7d78-cea190ab08b0,0,1,standard,Monitor,92,6,5806.5,1.130149199515064,0.16666666666666666,0.0,1,780.0,1.9565217391304346,0.0,0
0366c854-a2dd-42cd-b83a-7a0affb3fa85,1,1,standard,Monitor,9,2,10000.0,0.7778174593052023,0.0,0.0,0,207.0,2.0,0.0,0
03ce56c0-8798-b95d-7125-311b80363e74,1,0,frequent-late-payer,Proactive collections,518,18,13638.888888888889,0.25016266393197567,0.8888888888888888,26.785714285714285,2,1572.2222222222222,1.0424710424710426,0.0,0
044fabca-8052-c100-2783-a270debc8c40,0,1,standard,Monitor,92,6,4859.333333333333,1.26328801877445,0.5,6.0,2,772.5,1.9565217391304346,0.0,0
04ba1c6f-6c06-819d-9ecc-a0c5f795b922,1,0,frequent-late-payer,Proactive collections,457,16,15500.0,0.0,0.8125,28.916666666666668,1,1274.8125,1.050328227571116,0.0,0
051d1ba0-2ce6-ea15-c68f-cc2aa5673d1b,0,1,standard,Monitor,90,6,3447.1666666666665,1.5306748365892802,0.6666666666666666,16.333333333333332,1,246.83333333333334,2.0,0.0,0
06061874-ce68-4008-82f6-50ace2ba4bf4,1,1,standard,Monitor,42,3,12228.0,0.4634666537753816,0.0,0.0,0,1592.3333333333333,2.142857142857143,0.0,0
062b56c4-c469-4ef7-b4e6-9615dd770ec9,1,1,standard,Monitor,59,3,15155.666666666666,0.03935180425844349,0.3333333333333333,1.0,0,1519.3333333333333,1.5254237288135595,0.0,0
0632e1c8-fb91-3269-00af-8a625740b33a,0,1,standard,Monitor,249,12,8987.333333333334,0.7632508362192816,0.16666666666666666,8.0,1,854.8333333333334,1.4457831325301203,0.0,0
068260fe-ff67-c96c-b5b4-1d5c207e7678,0,1,standard,Monitor,61,6,2583.3333333333335,1.62974924062105,0.5,8.0,2,416.6666666666667,2.9508196721311477,0.0,0
073e4bd7-f1f1-49d3-604f-c365b9952a6c,1,0,frequent-late-payer,Proactive collections,426,15,15224.933333333332,0.06997262948694599,0.8,42.0,2,418.6666666666667,1.0563380281690142,0.0,0
07734943-434c-4c8b-b1fa-49d7c4e8a7fe,1,1,standard,Monitor,61,3,13372.333333333334,0.14606096871664162,0.3333333333333333,1.0,0,1472.6666666666667,1.4754098360655739,0.0,0
080eae03-9f65-4515-aec2-8924472923dd,0,1,standard,Monitor,64,6,7588.833333333333,1.2396972300326008,0.8333333333333334,23.0,2,796.3333333333334,2.8125,0.0,1
0a550b32-ac5f-efb6-6d3b-e9975e20a82d,0,0,frequent-late-payer,Proactive collections,1796,36,12110.5,0.31909533213674535,0.19444444444444445,30.5,5,1974.388888888889,0.6013363028953229,0.0,1
0bf78a8a-6c27-f4bf-07de-860dbab2a408,0,1,standard,Monitor,100,5,5908.0,1.2941884994858985,0.2,0.0,1,760.8,1.5,0.0,0
0e742f99-42ca-8738-ee99-7cbcc8148b75,0,1,standard,Monitor,1,2,5071.5,1.414213562373095,1.0,5.0,0,0.0,2.0,0.0,0
0e8d8c4f-79bb-5fec-80fb-bd042f559818,0,1,standard,Monitor,61,4,4637.75,1.3719706592971925,0.75,5.5,1,307.5,1.9672131147540985,0.0,0
0ea0c6d9-a99f-89ea-6b85-9ae409698bd3,0,1,standard,Monitor,334,15,8661.6,0.7307087681647602,0.4,4.0,1,1273.9333333333334,1.347305389221557,0.0,0
0ed59f1c-35e8-8ae7-d0f3-3b5d4a2202fd,0,1,standard,Monitor,61,4,3554.75,1.193232045629756,1.0,10.0,2,780.0,1.9672131147540985,0.0,0
104a66bf-0d87-2acc-ec03-a73d1c1cfd53,0,0,frequent-late-payer,Proactive collections,243,9,13542.0,0.15813539584153127,0.8888888888888888,55.0,2,1336.7777777777778,1.1111111111111112,0.0,0
10f3edc6-4b03-b82d-8df1-09ddaf031c0c,0,0,frequent-late-payer,Proactive collections,1252,39,14336.74358974359,0.12778291108423323,0.7948717948717948,18.93548387096774,0,1688.2051282051282,0.9345047923322684,0.0,0
11316c38-dc08-4983-3588-fcadd88bd5d2,1,1,standard,Monitor,365,14,12437.57142857143,0.2611917920126119,0.42857142857142855,9.8,1,1203.5714285714287,1.1506849315068495,0.0,1
11e59c65-004e-4eea-a733-d3a6a7c65fb1,1,1,standard,Monitor,61,3,15500.0,0.0,0.0,0.0,0,1555.3333333333333,1.4754098360655739,0.0,0
11e96dd2-92f4-f793-56db-439d5b3de156,1,0,frequent-late-payer,Proactive collections,365,13,14961.538461538461,0.12976277083932095,1.0,27.25,1,1004.1538461538462,1.0684931506849316,0.0,0
12062e7c-25cc-4c45-8869-abf33c8a981c,1,1,standard,Monitor,24,5,6558.2,1.3442265849758595,0.8,19.0,1,235.4,5.0,0.0,1
1218c50c-4da4-4f61-baec-5182a25958e3,1,1,standard,Monitor,63,4,10342.75,0.6105242802929588,0.0,0.0,0,1095.5,1.9047619047619047,0.0,0
122c395f-56fd-4482-fe33-7fa3c3cd30b5,0,1,standard,Monitor,426,15,14001.6,0.11323035638536293,0.06666666666666667,2.0,0,1205.7333333333333,1.0563380281690142,0.0,0
1261d726-9481-43dd-bac5-f1b158c8ab32,1,1,standard,Monitor,57,3,12161.666666666666,0.2141381606960906,0.6666666666666666,29.0,0,1672.0,1.5789473684210527,0.0,1
1287ac56-adee-78b5-6a6b-56b3e8dd7d48,1,0,frequent-late-payer,Proactive collections,546,19,14291.157894736842,0.0370423424290766,0.9473684210526315,29.294117647058822,1,883.3684210526316,1.043956043956044,0.0,0
1422ace8-beea-6d1b-73fd-1d30597b40d5,0,0,frequent-late-payer,Proactive collections,123,7,12535.714285714286,0.7398142353865992,1.0,54.5,3,1231.4285714285713,1.707317073170732,0.0,0
146a8458-f956-54ed-317f-b99f7d16fff8,1,0,frequent-late-payer,Proactive collections,791,27,14877.777777777777,0.0891958753968328,0.07407407407407407,4.5,0,1196.3703703703704,1.0240202275600505,0.0,0
148cb172-cc40-9c01-ffa5-33aa5d70bad8,0,0,frequent-late-payer,Proactive collections,579,20,11747.55,0.47568028356928826,0.9,47.833333333333336,0,1562.7,1.0362694300518134,0.0,1
15ff5934-5a4f-43fb-8bf6-4d798bd6a28b,1,1,standard,Monitor,27,2,7750.0,1.131370849898476,0.5,36.0,0,607.5,2.0,0.0,1
1604768e-85d5-4c44-882a-b748eddc1f37,1,1,standard,Monitor,34,3,10150.0,0.7423074889580903,0.3333333333333333,6.0,0,837.0,2.6470588235294117,0.0,0
17d13989-4f37-42a8-1eb2-88b2df3a9692,0,1,standard,Monitor,273,12,10078.833333333334,0.7158478276349476,0.5833333333333334,11.333333333333334,4,1107.0,1.3186813186813187,0.0,0
184aad86-c460-d78c-0f04-fd69a75fdb16,0,1,standard,Monitor,35,4,3875.0,2.0,0.5,22.0,1,337.5,3.4285714285714284,0.0,0
18788fe2-f6a2-826e-2199-6cec118c6d00,0,0,frequent-late-payer,Proactive collections,760,26,14337.807692307691,0.187580910174614,0.15384615384615385,3.75,0,1425.1153846153845,1.0263157894736843,0.0,0
18d86801-3cb7-11d4-8b9d-433429296014,1,0,frequent-late-payer,Proactive collections,912,31,15016.129032258064,0.033830323841081894,0.41935483870967744,33.09090909090909,2,2179.4193548387098,1.0197368421052633,0.0,0
190cae44-33ef-8fc1-f07a-fb84a1b78bdf,0,1,standard,Monitor,61,3,15000.0,0.057735026918962574,0.6666666666666666,0.0,2,1076.0,1.4754098360655739,0.0,0
19214e19-efc4-4eea-8118-944c998e3ab6,0,1,standard,Monitor,35,3,10500.0,0.6666666666666666,0.3333333333333333,11.0,0,1081.6666666666667,2.571428571428571,0.0,0
1932ea80-c6eb-874e-eca8-12410fa7a608,1,0,frequent-late-payer,Proactive collections,577,20,13400.0,0.015313109732614242,0.2,9.0,0,1178.85,1.0398613518197573,0.0,0
1995b0ce-cc80-52dd-8dec-a01a2456659e,0,1,standard,Monitor,64,6,3975.0,1.5693304778813812,0.3333333333333333,1.0,1,424.5,2.8125,0.0,0
1a171004-7682-1c39-e6a2-758b668c33b0,1,1,standard,Monitor,212,8,15822.625,0.3892240706421492,1.0,27.857142857142858,1,1047.375,1.1320754716981132,0.07692307692307693,0
1a3b6c74-26e1-7124-0b5c-7f783d71624d,1,0,frequent-late-payer,Proactive collections,212,9,13222.222222222223,0.38055955813740827,0.8888888888888888,27.0,2,1306.7777777777778,1.2735849056603774,0.0,1
1b003ea3-bdcb-0416-c3c2-8ff60f2f65f5,1,0,frequent-late-payer,Proactive collections,457,16,15375.0,0.032520325203252036,0.9375,45.84615384615385,2,1731.875,1.050328227571116,0.0,0
1b1e4294-4ed3-42e4-b820-7c443e8ddfcf,1,1,standard,Monitor,31,2,15500.0,0.0,0.5,0.0,1,821.5,1.9354838709677418,0.0,0
1b7a8ca2-dcfa-864b-b6f3-f5e53beb8da0,0,1,standard,Monitor,91,5,10530.0,0.9324870420139109,0.8,29.5,2,490.4,1.6483516483516485,0.0,0
1bc75090-ac1a-44a6-bb22-f211aca7c760,1,1,standard,Monitor,61,3,19000.0,0.0,0.0,0.0,0,1422.3333333333333,1.4754098360655739,0.02564102564102564,0
1d4c0119-5151-7a5b-2266-f16e44f67157,1,0,frequent-late-payer,Proactive collections,396,14,13343.57142857143,0.043863977715512724,0.9285714285714286,57.45454545454545,2,1434.2857142857142,1.0606060606060606,0.0,0
1dc2bdca-ae79-4cd5-9d74-961c02cce282,1,1,standard,Monitor,118,5,18980.0,0.06126213636985725,0.6,16.5,1,1638.6,1.2711864406779663,0.0,0
1eb13d75-4e74-34de-0d7a-6936b746e12e,0,1,standard,Monitor,162,8,13031.0,0.9280930771078437,0.375,2.0,1,550.5,1.4814814814814814,0.0,0
1f386b6c-673b-b4f5-5a19-10e9869fcb75,0,1,standard,Monitor,205,9,9407.666666666666,0.7518094071635956,0.1111111111111111,0.0,1,1247.3333333333333,1.3170731707317074,0.0,0
1fc0c3bb-f35c-8d5d-a4fa-a9c1723cd8ab,1,0,frequent-late-payer,Proactive collections,1444,40,13171.15,0.2480889521643128,0.7,45.333333333333336,1,1327.9,0.8310249307479225,0.0,2
21e237d1-286e-324e-0cef-45725d629768,1,0,frequent-late-payer,Proactive collections,243,9,15111.111111111111,0.07720588235294118,1.0,25.0,1,1838.0,1.1111111111111112,0.0,0
227f376b-633a-5615-5670-c29559d0a08b,0,0,frequent-late-payer,Proactive collections,820,28,14910.714285714286,0.03540987922001866,0.35714285714285715,38.2,0,1885.25,1.024390243902439,0.0,0
22a9494d-0e02-6fba-4aee-7947f1e6110b,1,0,frequent-late-payer,Proactive collections,699,24,15166.666666666666,0.03175011509954353,0.9583333333333334,66.76190476190476,2,1573.5833333333333,1.0300429184549356,0.0,0
22b0be2d-52c5-1127-642d-4f1083b404ca,1,1,standard,Monitor,243,9,18032.222222222223,0.24419249491650746,0.3333333333333333,8.5,1,988.6666666666666,1.1111111111111112,0.0,0
2371838e-ccdb-787c-4fcf-71f0be68084b,0,1,standard,Monitor,61,5,2843.8,1.407486698448653,0.8,8.0,3,540.8,2.459016393442623,0.0,0
238b347e-e7e9-b1a3-31a8-a2f8fed99f55,1,0,frequent-late-payer,Proactive collections,577,20,24580.6,0.1261608180081968,1.0,55.666666666666664,2,1608.75,1.0398613518197573,0.0,0
23f7ef5f-6b26-a104-b616-b438d7e9243c,1,0,frequent-late-payer,Proactive collections,1127,31,12888.354838709678,0.19878722660354603,1.0,49.310344827586206,2,1523.6129032258063,0.8251996450754214,0.0,1
24ae889b-240e-b064-cfe8-2b27224c15b0,0,0,frequent-late-payer,Proactive collections,670,23,18634.782608695652,0.05392123883201465,0.9565217391304348,28.65,2,2002.8695652173913,1.0298507462686568,0.0,0
251051cf-e3b5-5d37-918f-bf22b4875790,0,0,frequent-late-payer,Proactive collections,669,23,14063.95652173913,0.25204149369163936,0.9565217391304348,56.68181818181818,0,1923.4782608695652,1.0313901345291479,0.0,1
257579ca-bef0-99b8-f916-e518891ffdab,1,0,frequent-late-payer,Proactive collections,831,4,31226.25,0.049579015681874755,0.25,0.0,1,1371.0,0.1444043321299639,0.0,2
25aa0362-c4dd-16cd-169e-1e9f819ec83b,0,1,standard,Monitor,62,4,7109.75,0.9881960876243056,1.0,12.25,0,574.0,1.9354838709677418,0.0,0
25aa2406-e171-b558-8249-7a525d126d8f,1,0,frequent-late-payer,Proactive collections,273,10,18500.0,0.0,0.9,30.625,1,1769.4,1.098901098901099,0.05128205128205128,0
25b63db3-6d1d-cb00-d25c-dfd8b4b17909,0,0,frequent-late-payer,Proactive collections,487,18,12604.388888888889,0.28484436454291834,0.8888888888888888,4.375,0,2314.8888888888887,1.108829568788501,0.0,0
25ef6338-6197-45a8-82d9-ddd0a846f1b2,1,1,standard,Monitor,105,4,13391.25,0.016241949033884068,0.25,2.0,0,1866.0,1.1428571428571428,0.0,1
2631ddfd-660e-8719-1876-82cf88e13a60,1,0,frequent-late-payer,Proactive collections,546,19,14138.947368421053,0.08019631687357179,0.10526315789473684,4.0,0,1355.9473684210527,1.043956043956044,0.0,0
26b16f30-da65-8aa3-d1ec-4867ac2a8f35,0,1,standard,Monitor,181,7,12963.285714285714,0.20484826988597382,0.8571428571428571,23.5,2,1287.5714285714287,1.160220994475138,0.0,0
276b5368-040e-e40e-948d-d1159a743920,0,0,frequent-late-payer,Proactive collections,517,17,12188.823529411764,0.3336222942743591,0.5294117647058824,2.5714285714285716,2,1657.5882352941176,0.9864603481624757,0.0,1
2794ccf7-4966-f00d-35d6-34ac17db73ea,1,0,frequent-late-payer,Proactive collections,1325,42,17046.47619047619,0.14440021718319118,0.9285714285714286,40.7027027027027,2,1138.5,0.9509433962264151,0.04075235109717868,1
284ce00f-b05a-4366-9117-bf73f7449a76,0,1,standard,Monitor,21,2,9675.0,0.17175203470681,0.5,10.0,0,850.5,2.0,0.0,0
28bc36ac-10ee-238f-d3f4-24d10136bbb5,0,0,frequent-late-payer,Proactive collections,843,26,11337.307692307691,0.2896879004515813,0.9615384615384616,58.4,0,1447.923076923077,0.9252669039145907,0.0,0
29e47ac1-831d-9edd-4744-efc0e2037ff3,0,1,standard,Monitor,91,5,10790.0,0.9230834365965279,0.6,13.0,1,619.2,1.6483516483516485,0.0,0
2a00764b-10fd-4f2c-84a8-b611cf9b893a,1,1,standard,Monitor,34,3,10150.0,0.7423074889580903,0.3333333333333333,9.0,0,837.0,2.6470588235294117,0.0,0
2a58151b-3aea-8f37-a254-56432cd03704,0,0,frequent-late-payer,Proactive collections,671,21,12014.285714285714,0.5674017789711095,0.9047619047619048,41.111111111111114,1,1515.857142857143,0.9388971684053651,0.0,1
2ac2da6e-0954-f906-32d7-a1f55477c590,1,1,standard,Monitor,212,8,13040.375,0.09969159761214441,0.875,24.166666666666668,1,1364.375,1.1320754716981132,0.0,1
2b785f57-1c4f-d4a8-d486-b69e7b2db5bc,1,0,frequent-late-payer,Proactive collections,487,17,19209.352941176472,0.062384637680103314,0.9411764705882353,30.133333333333333,1,960.1176470588235,1.0472279260780286,0.0,0
2ba81159-3fd3-401a-b806-4cf09e7dce86,1,1,standard,Monitor,87,4,18713.75,0.08402912297107741,0.0,0.0,0,913.0,1.3793103448275863,0.0,1
2bd67002-1f8f-faff-efc5-5063dbedf10f,0,0,frequent-late-payer,Proactive collections,365,13,14500.0,0.0,0.9230769230769231,25.5,0,1401.4615384615386,1.0684931506849316,0.0,1
2c05db07-e980-4d52-a524-1b1ee5185554,0,1,standard,Monitor,59,3,10446.666666666666,0.5962107908474482,0.3333333333333333,0.0,1,1309.3333333333333,1.5254237288135595,0.0,0
2c1980eb-be51-916e-8f61-1e8fe83afb0c,1,0,frequent-late-payer,Proactive collections,365,13,18290.30769230769,0.238465514976182,0.7692307692307693,12.0,0,1563.8461538461538,1.0684931506849316,0.0,0
2c62dfe0-1a80-ff55-1d8b-51ac0c7da2fe,0,0,frequent-late-payer,Proactive collections,273,12,10629.333333333334,0.6463060109920354,0.3333333333333333,38.0,2,1250.0833333333333,1.3186813186813187,0.0,0
2d24b7c1-6556-8eb5-73d6-3ed3913e6d40,0,1,standard,Monitor,184,8,9062.5,0.7314419312522032,0.625,9.5,1,902.25,1.3043478260869565,0.0,0
2d4a776f-2d3b-bce7-f4bb-29b420e033fe,0,0,frequent-late-payer,Proactive collections,432,5,3231.4,2.009076986987122,0.6,180.0,1,151.4,0.3472222222222222,0.0,1
2d700a6b-44c4-438b-841f-febe1b2c47a7,1,1,standard,Monitor,42,5,7263.4,1.0774579097597903,0.6,18.0,1,885.0,3.5714285714285716,0.0,1
2d732934-6a6e-e41c-d60c-fd6fe935e3df,0,1,standard,Monitor,275,12,9665.25,0.632518932866695,0.16666666666666666,8.0,1,1481.5,1.309090909090909,0.0,1
30f37c32-22c8-495f-9468-246790e56559,1,1,standard,Monitor,31,2,15500.0,0.0,0.0,0.0,0,930.0,1.9354838709677418,0.0,0
31748409-1d90-3bc0-903e-6d831133e944,0,1,standard,Monitor,243,10,10495.1,0.604497709292474,0.8,3.857142857142857,1,1268.9,1.234567901234568,0.0,0
3191d29c-7cc3-4be1-8972-df4076747878,1,1,standard,Monitor,8,2,9750.0,0.8340233829379791,0.0,0.0,0,312.0,2.0,0.0,0
31f3f7a3-5dc4-21cd-ba54-b41347a7822a,1,0,frequent-late-payer,Proactive collections,577,20,13907.75,0.14210958059897716,0.85,39.1875,1,1594.6,1.0398613518197573,0.0,0
344a43f4-d005-00e3-d3f4-5da6b944af56,0,1,standard,Monitor,123,9,6674.111111111111,1.2662301910682268,0.3333333333333333,5.0,1,461.22222222222223,2.1951219512195124,0.02564102564102564,0
34e17203-69d9-f06c-079c-fc6848b90d7e,0,1,standard,Monitor,64,5,2900.0,2.23606797749979,0.2,28.0,0,522.0,2.34375,0.0,0
34e36bb4-6313-46d3-af36-4f9ef75dc0a4,1,1,standard,Monitor,31,5,4342.0,1.4912784170216502,0.8,10.75,0,188.8,4.838709677419354,0.0,1
365f8f9f-009e-838c-36c6-add1b1d696b1,0,1,standard,Monitor,151,8,7750.0,0.9463063792143415,1.0,25.0,2,1324.5,1.589403973509934,0.0,0
367ff001-843b-4fab-01ff-1f341b84ef5f,0,1,standard,Monitor,79,4,6532.25,1.1559829250882612,0.5,26.0,1,325.5,1.518987341772152,0.0,0
3761a198-73ca-bdb8-338b-d52c21eb8f2e,0,1,standard,Monitor,91,5,10790.0,0.9230834365965279,0.6,13.0,1,389.0,1.6483516483516485,0.0,0
38069f8b-d44e-0b86-a0d1-dafac5ae1232,1,0,frequent-late-payer,Proactive collections,730,25,14087.72,0.04364416895529958,0.12,6.0,0,1614.0,1.0273972602739727,0.0,0
38305983-db92-2c3c-7949-96f7ca7833eb,1,0,frequent-late-payer,Proactive collections,181,7,19500.0,0.0,0.8571428571428571,28.8,1,1227.0,1.160220994475138,0.0,0
389859df-460c-4966-a71d-eb7bbebae67b,0,1,standard,Monitor,51,6,5223.333333333333,1.1367481608739616,0.8333333333333334,4.5,1,674.6666666666666,3.5294117647058822,0.0,1
3b02f95a-b47e-1037-4f8a-f2f31e35c98e,0,0,frequent-late-payer,Proactive collections,303,11,18585.090909090908,0.16327120414279653,0.9090909090909091,56.75,2,1817.2727272727273,1.0891089108910892,0.0,0
3b27dc97-dafa-0480-7b61-5549a3ea7eee,0,0,frequent-late-payer,Proactive collections,396,14,14250.0,0.26570962577152524,1.0,49.84615384615385,1,2001.857142857143,1.0606060606060606,0.0,0
3b48ac67-d1fa-b227-f284-5da0a25e5ac0,0,0,frequent-late-payer,Proactive collections,345,14,10787.57142857143,0.47214879847713925,0.9285714285714286,33.416666666666664,1,1213.7857142857142,1.2173913043478262,0.0,0
3caa59e9-5e0d-3ca4-6303-a17bdb2e20ec,0,1,standard,Monitor,242,11,8735.545454545454,0.7710694180461533,0.36363636363636365,4.0,2,1587.5454545454545,1.3636363636363638,0.0,0
3d18aa61-88d3-4390-b5d3-db4cb2e31e11,0,1,standard,Monitor,22,4,3594.0,1.3950713920278435,0.75,2.0,1,0.0,4.0,0.0,0
3e2fea93-18a8-93d6-164a-73bb3ab8c191,0,1,standard,Monitor,123,8,6256.5,1.1470682294851775,0.75,4.8,1,938.125,1.9512195121951221,0.0,0
3e50af3d-452f-d098-b3bc-3c2a64576d55,1,0,frequent-late-payer,Proactive collections,608,21,12976.0,0.41069108779579894,0.38095238095238093,12.714285714285714,1,1308.6666666666667,1.036184210526316,0.021052631578947368,2
3e99437f-aaa3-5ffe-27bc-cffb9898080d,0,1,standard,Monitor,304,12,13649.416666666666,0.34067650970779717,0.5,28.666666666666668,0,1230.75,1.1842105263157896,0.0,0
40a2b6da-1224-e406-7b33-bed31c6f706b,0,1,standard,Monitor,311,14,11421.285714285714,0.6771248456839212,0.6428571428571429,8.625,1,938.7142857142857,1.35048231511254,0.10526315789473684,1
40da1241-f931-fd4a-747c-9dc5f68a8870,0,1,standard,Monitor,61,5,2700.0,1.4907119849998598,0.6,4.0,2,392.0,2.459016393442623,0.0,0
414e0bde-7a49-1083-4e22-1fa3dca1b3c6,0,1,standard,Monitor,376,16,14375.0,0.5964651175223241,0.125,1.0,1,1614.375,1.2765957446808511,0.0,0
417cb75b-9992-4df9-28ae-ad4d2313621f,1,0,frequent-late-payer,Proactive collections,457,16,14718.75,0.21231422505307856,0.375,26.333333333333332,0,774.5625,1.050328227571116,0.0,0
41a311d7-b970-4e78-a30e-a633fc4e5f2f,1,1,standard,Monitor,31,2,15500.0,0.0,0.5,1.0,0,930.0,1.9354838709677418,0.0,0
430caea5-4a9a-cf87-274e-54e1547ff83b,0,0,frequent-late-payer,Proactive collections,731,27,11979.185185185184,0.3800696855319184,0.5555555555555556,31.153846153846153,2,1764.2222222222222,1.1080711354309165,0.025889967637540454,1
434d75cb-183a-9772-9088-93a7b3f89d25,0,0,frequent-late-payer,Proactive collections,425,6,9218.0,0.7805239814894895,0.8333333333333334,44.6,0,886.3333333333334,0.4235294117647059,0.0,1
43774f3c-9ce6-fc78-7857-b8607c3e1966,1,1,standard,Monitor,181,7,12535.714285714286,0.2035193316203531,0.42857142857142855,22.666666666666668,0,1336.5714285714287,1.160220994475138,0.0,0
43bad5ef-9766-7805-47dd-934114b00873,0,1,standard,Monitor,155,8,8625.0,0.8619403452792866,0.375,2.0,1,1103.125,1.5483870967741935,0.0,0
44bf5771-a669-438c-a190-88aab999cfae,0,1,standard,Monitor,56,3,13833.333333333334,0.10434041009451067,0.3333333333333333,23.0,0,998.0,1.6071428571428572,0.0,0
4505ca5d-0961-03c9-5943-ffda2a5ae270,1,0,frequent-late-payer,Proactive collections,334,12,15155.583333333334,0.07872308871518384,0.4166666666666667,48.333333333333336,2,936.3333333333334,1.0778443113772456,0.0,0
456fc08d-55ba-6a5b-7917-edad21de87b2,0,1,standard,Monitor,95,6,5432.5,1.162145883853335,0.5,7.0,1,699.3333333333334,1.8947368421052633,0.0,0
45bab573-48ef-1237-bc52-123366b60e36,0,1,standard,Monitor,31,3,4833.333333333333,1.7320508075688774,0.3333333333333333,0.0,1,899.0,2.9032258064516125,0.0,0
4628a4bf-d4c5-9e5d-471c-271b9f3e7d03,1,0,frequent-late-payer,Proactive collections,1700,41,14604.878048780487,0.055286327192850225,0.6585365853658537,19.0,1,1031.8536585365853,0.7235294117647059,0.0,0
46d380ca-fe7a-07d2-4570-5de890c8fdc7,0,1,standard,Monitor,314,12,12166.583333333334,0.4679976604423205,0.8333333333333334,19.8,0,1534.6666666666667,1.1464968152866242,0.029411764705882353,1
46d94fb9-b4c9-d1a8-0c92-609fafa9901e,0,0,frequent-late-payer,Proactive collections,431,4,6271.5,1.8582446158087964,0.75,180.0,1,189.25,0.27842227378190254,0.0,1
4767b29c-fde2-16bf-4b29-9e8578a3b33f,0,1,standard,Monitor,182,14,6921.428571428572,1.3276840549088358,0.35714285714285715,3.5,1,457.57142857142856,2.307692307692308,0.0,0
4855a811-b83a-7e07-56f0-ae3a0026d582,0,1,standard,Monitor,122,9,5018.777777777777,1.269125833444608,0.5555555555555556,6.5,1,378.0,2.2131147540983607,0.0,0
491b8136-32a1-37c5-5253-b53ff3991d86,1,0,frequent-late-payer,Proactive collections,365,15,12324.933333333332,0.3867547549994708,0.6666666666666666,21.444444444444443,1,1029.3333333333333,1.2328767123287672,0.017241379310344827,1
49355947-7605-ec5f-7d81-a6597f38d76b,1,0,frequent-late-payer,Proactive collections,1386,41,13646.341463414634,0.058073828028167816,0.0,0.0,0,1717.4146341463415,0.8874458874458874,0.0,0
49cf43d8-a86e-89e5-c138-85e43fd070f0,0,0,frequent-late-payer,Proactive collections,1127,21,9963.666666666666,0.7193448365105903,1.0,105.1,1,1214.6190476190477,0.5590062111801242,0.0,2
4b85d836-4912-f7a8-46ac-19256a4ed1d4,0,1,standard,Monitor,206,9,7981.666666666667,0.88508266405404,0.3333333333333333,14.0,1,1048.6666666666667,1.3106796116504855,0.0,0
4bdca5eb-f197-a87d-d26a-c63a9b3298a1,0,1,standard,Monitor,264,10,11927.4,0.40596658887628684,0.3,13.333333333333334,0,1485.3,1.1363636363636362,0.0,0
4c4ad4c9-59bf-f152-d0ff-6502ec564cc9,1,0,frequent-late-payer,Proactive collections,996,29,13275.862068965518,0.019061669074643888,1.0,64.81481481481481,2,1788.2413793103449,0.8734939759036143,0.0,0
4cf13b7d-67b4-87af-6795-b532998a9b0d,0,0,frequent-late-payer,Proactive collections,700,24,14440.291666666666,0.1857595487521105,0.9166666666666666,31.0,0,1927.5833333333333,1.0285714285714287,0.0,0
4e39608a-6f55-4cc0-ac26-00c939421464,0,1,standard,Monitor,30,4,3742.0,1.9175286994792584,0.75,7.333333333333333,0,0.0,4.0,0.0,0
4e667438-6e87-7652-9c8f-5dff0ffa3cad,0,1,standard,Monitor,92,5,6987.6,1.222686837515847,0.6,4.0,1,811.0,1.6304347826086956,0.02564102564102564,0
4f75b0ca-7bed-c37c-cfd4-1e361a1bb6d4,1,0,frequent-late-payer,Proactive collections,852,13,16796.0,0.2927949019209101,0.3076923076923077,17.333333333333332,1,1552.1538461538462,0.45774647887323944,0.0,1
5001bf67-3639-035a-75c2-912e5c878962,0,1,standard,Monitor,62,6,2216.6666666666665,2.088290716975197,0.6666666666666666,25.0,3,141.66666666666666,2.9032258064516125,0.0,0
503f204a-1840-9c61-b0fc-0c3228f0d967,0,1,standard,Monitor,223,8,8347.125,0.8653320950772865,0.875,40.285714285714285,0,812.25,1.0762331838565022,0.0,0
510cd475-6538-7d02-413c-1a0f553ba4e6,1,0,frequent-late-payer,Proactive collections,608,21,14261.904761904761,0.03060150714494718,0.09523809523809523,4.0,0,1591.904761904762,1.036184210526316,0.0,0
5110bc8b-7229-5952-e9db-5feb33391303,0,0,frequent-late-payer,Proactive collections,700,28,16454.821428571428,0.5587341249953323,0.8571428571428571,5.208333333333333,0,1671.142857142857,1.2,0.0,1
5115834b-41f7-ba99-845c-e46780a8c7da,0,0,frequent-late-payer,Proactive collections,1096,6,3198.4583333333335,1.4901850736824638,1.0,185.0,0,110.5,0.1642335766423358,0.0,1
51403227-2816-46f5-cdc7-feaa35b7c061,0,1,standard,Monitor,59,4,7379.5,1.1145422172868906,0.5,11.0,0,493.0,2.0338983050847457,0.0,0
519879d1-1867-105c-ae64-2cab42188a79,0,1,standard,Monitor,63,4,5850.0,1.5869840952317444,0.75,11.0,2,786.25,1.9047619047619047,0.0,1
51c3d3a9-bfa0-4a8e-a687-3ef46bc022cc,1,1,standard,Monitor,122,5,14113.2,0.061283840213198895,0.2,1.0,0,2037.6,1.2295081967213115,0.0,0
521635f8-15aa-4ce1-ab2f-276095cbbe1a,0,1,standard,Monitor,71,4,9916.75,0.6537224430310502,0.5,6.0,0,844.5,1.6901408450704225,0.0,0
52bfd1fd-5813-000e-3603-19146a2ecd4e,0,0,frequent-late-payer,Proactive collections,548,21,11220.619047619048,0.4192089006820104,0.3333333333333333,2.0,2,1558.5238095238096,1.1496350364963503,0.0,0
53161e7a-20e2-d590-c8cd-ca0a5b5ebb43,0,1,standard,Monitor,122,6,9465.833333333334,0.9099986962580466,0.6666666666666666,9.666666666666666,1,842.5,1.4754098360655739,0.0,0
53416e34-aaed-471f-937d-0fea74c444b8,0,1,standard,Monitor,60,4,7750.0,1.1547005383792515,0.5,4.0,0,744.0,2.0,0.0,0
53c9ff97-f078-6148-923e-9d1a21b9bb60,0,1,standard,Monitor,212,9,9193.555555555555,0.7047557229020942,0.6666666666666666,7.8,1,930.5555555555555,1.2735849056603774,0.0,0
546aae84-2600-f943-b571-67441bea409a,0,1,standard,Monitor,355,15,8915.066666666668,0.7260415191714458,0.13333333333333333,2.0,1,1297.5333333333333,1.2676056338028168,0.0,0
55061549-ef30-d416-5668-dd5177fe8537,0,1,standard,Monitor,127,6,7853.833333333333,0.8332650572867252,0.8333333333333334,4.0,1,1142.3333333333333,1.4173228346456692,0.0,0
5527e05d-475b-45ed-a6f4-284340eed262,1,1,standard,Monitor,103,5,14736.8,0.34839552757842096,0.2,1.0,0,1648.4,1.4563106796116505,0.0,0
55ca6f7c-112a-ec33-7c1c-987508bc9e41,1,0,frequent-late-payer,Proactive collections,518,18,15207.333333333334,0.06704873480336268,0.1111111111111111,5.0,0,1592.5555555555557,1.0424710424710426,0.0,0
55e6e452-fae2-a5ac-3c12-21424bffbcac,1,0,frequent-late-payer,Proactive collections,292,10,9458.5,0.7143117641403189,1.0,57.285714285714285,3,2111.5,1.0273972602739727,0.0,2
55e779dc-a32b-2acb-173b-7de67750927a,0,1,standard,Monitor,89,5,9492.8,0.6897051388677332,1.0,36.5,1,1106.4,1.6853932584269662,0.0,0
57478035-8e15-2e54-5cb6-2f22777ee909,0,1,standard,Monitor,32,3,11951.333333333334,0.8759697852428278,0.6666666666666666,13.5,0,373.3333333333333,2.8125,0.0,0
57dbc7f1-ef9c-8f08-5ca3-148c520d5a2b,0,1,standard,Monitor,154,8,7032.375,0.975073358620418,0.875,21.666666666666668,1,1021.75,1.5584415584415583,0.0,0
5925134f-40a7-6834-930a-b8d6906bd2a4,0,1,standard,Monitor,121,6,12298.833333333334,0.6481298756569246,0.16666666666666666,10.0,0,1160.8333333333333,1.4876033057851241,0.02564102564102564,0
5a1e4739-df51-1e97-95c7-31602fc06832,0,1,standard,Monitor,334,12,11518.916666666666,0.33669464917493164,0.9166666666666666,2.8,1,1082.5833333333333,1.0778443113772456,0.0,0
5a4bd906-07d0-3c04-680d-6ee01f174660,0,0,frequent-late-payer,Proactive collections,1068,38,12094.842105263158,0.31577972075269173,1.0,38.638888888888886,2,1842.2105263157894,1.0674157303370786,0.0,0
5a80d7c7-f736-71e2-8154-770f5bc72752,0,1,standard,Monitor,61,5,3710.0,1.6931429422419795,0.8,7.333333333333333,1,637.6,2.459016393442623,0.0,1
5a97c1a1-f33d-ce97-6ee2-069836e0f76b,0,1,standard,Monitor,184,9,10523.444444444445,0.6701480987406209,0.3333333333333333,14.0,0,751.6666666666666,1.467391304347826,0.0,0
5b45a840-9d6c-242e-0e2f-2e2c972c2eec,1,0,frequent-late-payer,Proactive collections,396,15,23190.333333333332,0.21285380018279176,0.06666666666666667,0.0,1,1564.6666666666667,1.1363636363636365,0.022222222222222223,1
5ce46f7c-d9f9-426d-be11-5e3b6a2bedb0,1,1,standard,Monitor,26,5,5726.0,1.3677141355579743,0.8,13.0,1,349.8,5.0,0.0,2
5d4122d1-48a3-607c-cb72-e1956caece73,0,0,frequent-late-payer,Proactive collections,913,31,14704.322580645161,0.046593919700876694,0.0,0.0,0,1871.6451612903227,1.0186199342825848,0.0,0
5da1807e-9e71-dbce-ed22-53d6d2795850,0,1,standard,Monitor,61,5,3306.8,2.0657116680628285,0.6,15.0,1,580.8,2.459016393442623,0.0,0
5e6b35c4-2b97-ea86-e422-f03c332f74be,0,1,standard,Monitor,92,5,8713.0,1.0371485006613212,0.4,12.0,0,898.6,1.6304347826086956,0.05128205128205128,0
5e901269-d116-cf62-7661-df859f5b02dc,1,0,frequent-late-payer,Proactive collections,396,14,14607.142857142857,0.22870766422823602,1.0,37.69230769230769,1,1834.7142857142858,1.0606060606060606,0.0,0
5eb9cf08-d888-4c7c-b6da-0b773bb39bba,1,1,standard,Monitor,33,3,9300.0,0.7822164937407833,0.6666666666666666,2.5,0,868.0,2.727272727272727,0.0,0
5f0f16ed-dd5a-936c-5dbc-f76aa297afd4,0,1,standard,Monitor,181,11,6376.454545454545,1.0630096122798978,0.2727272727272727,0.0,3,949.2727272727273,1.8232044198895028,0.0,0
5fb00f2d-8a0d-5260-0006-da9487a8268d,0,1,standard,Monitor,243,11,8316.818181818182,0.8053116147649055,0.36363636363636365,11.0,1,698.0909090909091,1.3580246913580247,0.0,0
5fee0a79-3970-704a-2332-f7c7598e86c1,1,0,frequent-late-payer,Proactive collections,638,22,14219.136363636364,0.07838369724500441,0.7727272727272727,46.6,2,950.2272727272727,1.0344827586206897,0.0,1
60c74b02-d502-8692-0141-b1a796486a11,0,1,standard,Monitor,213,10,10309.5,0.7580008629348568,0.5,24.5,1,1305.0,1.4084507042253522,0.05361930294906166,1
61031b0a-ef18-26aa-64b7-d412d7b3d276,1,0,frequent-late-payer,Proactive collections,852,29,14835.034482758621,0.09206760073597647,0.5517241379310345,36.214285714285715,2,1651.896551724138,1.0211267605633803,0.0,0
61492721-611b-479f-9815-e09e0d7c95fd,1,1,standard,Monitor,31,2,15000.0,0.04714045207910317,0.5,14.0,0,1687.0,1.9354838709677418,0.0,1
6162731a-4a9c-e887-e586-1ea574985777,0,0,frequent-late-payer,Proactive collections,485,18,20446.222222222223,0.4238157766171858,0.6111111111111112,35.09090909090909,0,1727.9444444444443,1.11340206185567,0.0,0
618f174c-7c45-cb54-907b-cacc78483918,1,0,frequent-late-payer,Proactive collections,181,7,17933.714285714286,0.1573085631674269,1.0,42.6,2,1133.0,1.160220994475138,0.02564102564102564,0
623531a9-cbf0-3887-51de-f6a7ce52c112,0,1,standard,Monitor,37,3,6027.666666666667,1.3777012587548605,0.3333333333333333,0.0,1,774.0,2.4324324324324325,0.0,0
630c8120-bdbc-832c-24ca-aca9e6b49891,1,0,frequent-late-payer,Proactive collections,181,7,14867.285714285714,0.11259652118942905,1.0,24.0,2,1376.857142857143,1.160220994475138,0.0,0
6353c074-799c-5253-d673-577f581c8241,0,1,standard,Monitor,91,5,6872.2,0.9830226736017434,0.8,28.0,1,636.2,1.6483516483516485,0.0,0
6542b72b-196a-4538-a690-2db7cc212936,0,0,frequent-late-payer,Proactive collections,365,13,15346.153846153846,0.024470874713244464,0.9230769230769231,26.5,0,1401.4615384615386,1.0684931506849316,0.0,1
658ecc07-55bf-045e-6651-ef83f51cb80c,0,1,standard,Monitor,214,10,9333.0,0.7245346894414557,0.8,6.0,1,1457.1,1.4018691588785046,0.0,0
66fbcb59-3d06-d8cc-b1d5-53f38a599207,1,1,standard,Monitor,577,20,13400.0,0.015313109732614242,0.1,1.0,0,883.35,1.0398613518197573,0.0,0
675d671b-b922-0d97-9c09-357c7a434808,0,1,standard,Monitor,336,18,9557.388888888889,0.8549302756943461,0.7222222222222222,6.916666666666667,1,1295.388888888889,1.6071428571428572,0.0,2
6770176e-5bc2-4e8a-aeaf-6a7249e266d6,0,1,standard,Monitor,21,2,9656.0,0.5849595037404869,0.5,0.0,1,850.5,2.0,0.0,0
67807154-ef25-1968-49fd-cfe0fbdff7d4,0,1,standard,Monitor,275,12,9464.333333333334,0.6264122614731477,0.4166666666666667,4.25,1,809.6666666666666,1.309090909090909,0.0,1
696a4512-7d08-4e23-a774-91ee1afc42d1,0,1,standard,Monitor,49,5,7498.0,1.1070503906208822,0.8,4.333333333333333,1,583.2,3.061224489795918,0.0,0
6b4a40d5-2eff-4bcc-9de7-8882d77546c0,0,1,standard,Monitor,19,3,8005.333333333333,0.9209513222351192,0.6666666666666666,24.0,0,481.3333333333333,3.0,0.03225806451612903,0
6c0320d8-817b-ea7e-4d60-48afb8d17cba,0,1,standard,Monitor,92,5,5835.6,1.0006571098374712,0.6,4.5,1,896.4,1.6304347826086956,0.0,0
6c765a9e-b1ea-4503-e5b7-24daca7c2614,0,1,standard,Monitor,120,7,11122.57142857143,0.9952951026265134,0.42857142857142855,3.0,1,680.0,1.75,0.0,0
6ce85c3e-5f40-4297-8c38-22ac7432420e,0,0,frequent-late-payer,Proactive collections,1096,30,12080.433333333332,0.4789894864777163,1.0,37.3,0,1483.8333333333333,0.8211678832116789,0.0,1
6d60a9d5-34ce-4336-9c23-231057dffa71,1,1,standard,Monitor,56,3,14639.0,0.10187142190838194,0.3333333333333333,1.0,0,1314.3333333333333,1.6071428571428572,0.0,0
6dd50e39-9843-4442-cc09-3b49fbe97fb9,1,0,frequent-late-payer,Proactive collections,822,28,14071.42857142857,0.0358138925355613,0.0,0.0,0,1539.392857142857,1.0218978102189782,0.0,0
6df42279-282f-e2ae-a821-304ef8c14cfe,0,0,frequent-late-payer,Proactive collections,549,25,13152.88,0.6849495806786974,0.68,8.6875,1,1160.72,1.366120218579235,0.0,0
6e29f80e-ffb7-4c7e-9f39-a7980c00926b,1,1,standard,Monitor,11,2,9823.0,0.6733459056519359,0.5,1.0,0,330.0,2.0,0.0,0
6e52de53-d0e1-4fff-871f-36aa18ac4720,1,1,standard,Monitor,13,2,11000.0,0.5785419118799024,0.0,0.0,0,409.5,2.0,0.0,0
6e70de8a-7b72-4a22-7398-844fbdb73884,0,1,standard,Monitor,89,7,4477.0,1.421543881882014,0.2857142857142857,14.0,1,594.2857142857143,2.359550561797753,0.0,0
6e78d4b6-a6fd-2857-0e43-fd3dd95ac5d5,0,0,frequent-late-payer,Proactive collections,457,19,9000.578947368422,0.6074430354301444,0.9473684210526315,45.6,3,1212.6842105263158,1.2472647702407003,0.07142857142857142,0
6e7c9f12-4ee2-b59f-9d83-86cac2cc52ae,0,0,frequent-late-payer,Proactive collections,485,9,6940.444444444444,1.4980635205695458,1.0,93.4,4,594.1111111111111,0.556701030927835,0.1391304347826087,1
6e83fcb8-4992-041a-cc06-1dd780a369bd,0,0,frequent-late-payer,Proactive collections,488,20,10321.75,0.5829320349381278,0.85,25.2,2,929.1,1.2295081967213115,0.0,0
6f622055-47c5-9b2c-b332-2d5d01953e51,0,1,standard,Monitor,120,6,13354.833333333334,0.5721982607698859,0.5,9.0,0,451.5,1.5,0.07692307692307693,0
706ec709-36e3-4de0-a55a-522efd0b3957,0,1,standard,Monitor,37,3,9823.0,0.5946976732857857,0.3333333333333333,14.0,0,977.3333333333334,2.4324324324324325,0.0,0
7076f26b-5297-bb18-64d7-ba48dd2e64b2,0,1,standard,Monitor,61,3,9200.0,0.49890598649929957,0.3333333333333333,11.0,0,1165.0,1.4754098360655739,0.0,0
70945c9c-c8e9-8721-8ecf-dfdaf4a30fde,0,1,standard,Monitor,276,12,16903.166666666668,0.6423648229840234,0.5833333333333334,3.7142857142857144,0,838.5,1.3043478260869565,0.0,0
71492154-2bd6-41d1-b8b8-3acec9cedd1f,1,1,standard,Monitor,19,2,11694.0,0.33934353138523216,0.5,0.0,1,693.5,2.0,0.0,0
716b820e-fef7-dcf3-34be-914835261361,0,1,standard,Monitor,190,11,12772.727272727272,0.9739960625870268,0.5454545454545454,11.333333333333334,0,516.2727272727273,1.736842105263158,0.0,0
71a2b1e6-ae5d-01fe-6e96-34a5a7d646fa,0,1,standard,Monitor,184,8,9219.75,0.7893063808716333,0.625,10.25,1,1261.75,1.3043478260869565,0.0,0
71a9340d-9832-4609-a110-d9b5aaffc020,1,1,standard,Monitor,36,4,9991.75,1.0995347703523197,1.0,21.0,1,840.5,3.3333333333333335,0.0,3
71afee6b-f2ab-0218-c8a3-84b8ca8ed21f,0,1,standard,Monitor,90,6,5768.833333333333,1.2314327807070111,0.3333333333333333,15.0,1,588.0,2.0,0.0,0
720a2f6c-96ce-3f42-8ec4-faec53d5a915,0,1,standard,Monitor,396,15,17532.2,0.2893838728279924,0.3333333333333333,7.0,0,980.2666666666667,1.1363636363636365,0.0,0
72263e8d-e74c-b64e-af0c-e7f293e84d88,0,0,frequent-late-payer,Proactive collections,488,17,12188.823529411764,0.3336222942743591,0.5294117647058824,2.75,1,1657.5882352941176,1.0450819672131149,0.0,0
723e4719-99e5-42b4-8edb-c941d3ad5c93,0,1,standard,Monitor,61,5,2700.0,1.5986105077709065,0.6,3.0,2,420.0,2.459016393442623,0.0,0
7282a267-9160-04c3-a636-0268501bdf4e,0,1,standard,Monitor,184,9,8315.444444444445,0.8246777981589216,0.7777777777777778,30.0,2,471.3333333333333,1.467391304347826,0.0,0
72ac33cc-b9b2-9cc4-47fd-d37096c8f30d,1,1,standard,Monitor,243,9,15222.222222222223,0.05474452554744526,0.2222222222222222,4.0,0,996.2222222222222,1.1111111111111112,0.0,0
72fb39cc-cecf-39cd-a55a-60d36a23f691,0,1,standard,Monitor,304,12,10595.666666666666,0.6440666317734458,0.5833333333333334,4.8,2,1623.0833333333333,1.1842105263157896,0.0,0
733dd472-3b1e-dd43-76e5-082ddfe66c5b,1,1,standard,Monitor,396,14,14964.285714285714,0.13394954845252774,0.21428571428571427,5.666666666666667,0,1273.357142857143,1.0606060606060606,0.0,0
73715344-908a-b7fa-00cc-34358ffb16f0,1,0,frequent-late-payer,Proactive collections,212,8,14687.5,0.10283443381782614,0.75,24.0,2,1439.875,1.1320754716981132,0.0,0
739d70c1-409d-dba0-0566-781cf953032c,0,1,standard,Monitor,63,4,10333.25,0.7071124838905296,0.25,15.0,0,701.25,1.9047619047619047,0.0,0
74c6b975-b0ab-c8b3-8acd-2cf53597a72b,0,0,frequent-late-payer,Proactive collections,821,32,11923.40625,0.40391354028940807,0.75,39.869565217391305,1,959.21875,1.169305724725944,0.0,1
75090056-f130-0ab9-cfeb-6434cf4a11f8,0,1,standard,Monitor,61,5,3576.2,1.7559511017285092,0.4,19.0,1,333.0,2.459016393442623,0.0,0
752aa71f-8b74-a2d8-0b6e-dd06a73bacf2,0,1,standard,Monitor,153,9,6392.444444444444,1.0914521801704362,0.8888888888888888,7.333333333333333,5,414.55555555555554,1.7647058823529413,0.0,0
77dd12b8-a20b-05c8-2372-79ba1b1624a9,1,0,frequent-late-payer,Proactive collections,791,27,14009.25925925926,0.05249206692492863,0.037037037037037035,1.0,0,1993.037037037037,1.0240202275600505,0.0,0
791c16c3-5afa-4081-a47c-53439979e5b3,0,1,standard,Monitor,64,4,8262.5,1.0127844492433147,0.25,27.0,0,1121.75,1.875,0.0,0
7949646a-1455-41bc-9b8a-d19f84772bbb,1,1,standard,Monitor,13,2,9581.0,0.5784681088550422,0.0,0.0,0,786.5,2.0,0.0,0
7976ec26-6b18-471f-96d3-aa39a03abac8,1,1,standard,Monitor,26,2,13331.0,0.12401287633441962,0.0,0.0,0,1573.0,2.0,0.0,0
79d4d3fe-73c5-a965-030f-c60220ee20cb,1,0,frequent-late-payer,Proactive collections,334,14,12255.92857142857,0.37129414031203184,1.0,52.25,2,676.3571428571429,1.25748502994012,0.0,1
79e31f6f-69dc-a40c-27d7-3f076878f83c,1,0,frequent-late-payer,Proactive collections,912,31,14016.129032258064,0.036243994817085436,0.3548387096774194,44.55555555555556,2,2042.5483870967741,1.0197368421052633,0.0,0
7c642b80-7d09-1c7a-601f-7af53d4fe9fa,0,1,standard,Monitor,63,4,4765.25,1.7443428487525872,0.5,4.0,1,310.0,1.9047619047619047,0.0,0
7d26a731-5027-abff-a77e-ce35303b21f6,0,1,standard,Monitor,150,8,9159.25,0.9977493072898358,1.0,12.571428571428571,1,1094.5,1.6,0.0,0
7e2a1e58-e10a-4352-ca15-59fd22f2c07e,0,0,frequent-late-payer,Proactive collections,120,5,12035.0,0.3176247307581703,0.8,62.0,2,1269.4,1.25,0.0,0
7fc83db5-3912-b8f1-9ba6-d797d9d1ae44,0,1,standard,Monitor,1,2,5071.5,1.414213562373095,1.0,5.0,0,0.0,2.0,0.0,0
7febe483-ed64-6c53-4d6b-21d2a35f8861,0,1,standard,Monitor,90,6,4375.666666666667,1.2186922779453673,0.8333333333333334,20.75,1,306.8333333333333,2.0,0.0,0
8123af5e-305b-80f8-20db-4d54b7f628c7,1,0,frequent-late-payer,Proactive collections,304,11,13777.09090909091,0.17402935263352956,1.0,50.375,3,1804.909090909091,1.0855263157894737,0.0,0
81f2f896-343e-d20b-9964-56fe1a515cc4,0,0,frequent-late-payer,Proactive collections,1389,32,17671.875,0.26340602931583995,1.0,42.46666666666667,2,1961.0,0.6911447084233262,0.0,0
8208282e-43b7-930c-251f-223cdeecd947,0,1,standard,Monitor,400,15,11147.733333333334,0.5119719861840236,0.3333333333333333,1.5,1,976.0,1.125,0.0,1
82be44de-b1d6-4e48-e6bb-33ec98b83c7d,1,1,standard,Monitor,212,8,15125.0,0.07012629234907909,1.0,24.571428571428573,1,518.625,1.1320754716981132,0.0,0
82ce206e-2925-18f5-f18c-d80631a9964e,0,1,standard,Monitor,304,14,11965.357142857143,0.7642819612728509,0.42857142857142855,3.0,1,1088.2857142857142,1.381578947368421,0.0,0
8334eb99-0bc0-3c80-9ff8-83bea3d7b5ef,1,0,frequent-late-payer,Proactive collections,852,10,11534.8,0.459417336816222,0.6,23.25,2,1024.2,0.35211267605633806,0.0,1
83af11b3-a274-7404-3265-ec658f74f8cf,0,0,frequent-late-payer,Proactive collections,852,13,9823.846153846154,0.589224570660449,0.6923076923076923,8.5,1,1023.6153846153846,0.45774647887323944,0.0,1
83f51f9d-9d36-eda9-e7fb-5b1badbbd5d9,1,0,frequent-late-payer,Proactive collections,365,13,14356.076923076924,0.036146506900819934,0.9230769230769231,28.09090909090909,1,961.8461538461538,1.0684931506849316,0.0,0
8490df60-3137-5590-8517-f882a6cff021,0,1,standard,Monitor,150,6,11036.0,0.5856667534122003,0.3333333333333333,11.0,1,1874.0,1.2,0.0,0
84c2199c-67b0-4d65-bf33-31f2a6ad244f,0,1,standard,Monitor,27,3,4500.666666666667,1.5556085030818327,0.3333333333333333,5.0,0,416.0,3.0,0.0,0
8506a1fc-82d3-6a5c-c7c5-64702dd9ce92,0,1,standard,Monitor,93,5,7540.0,0.9653769536931641,0.4,13.0,1,659.6,1.6129032258064515,0.0,0
854c86e3-8b7f-0ca8-f4ac-c6a073699611,0,0,frequent-late-payer,Proactive collections,669,23,18554.739130434784,0.20358810767215485,1.0,87.55,3,2179.913043478261,1.0313901345291479,0.0,0
8550917f-04eb-f961-9e92-97c10f626201,0,1,standard,Monitor,64,5,2843.8,1.407486698448653,0.6,8.0,2,555.4,2.34375,0.0,0
855f3f6a-72ae-46f4-4cc2-a9a0d5df5b70,1,0,frequent-late-payer,Proactive collections,1035,35,13758.285714285714,0.07294242538289918,0.11428571428571428,1.0,0,1754.0285714285715,1.0144927536231885,0.0,0
86cd2239-fa55-0389-437e-e8fd505dc931,1,0,frequent-late-payer,Proactive collections,577,20,24724.15,0.09997483056419741,0.6,28.181818181818183,1,2081.2,1.0398613518197573,0.0,0
8709ca2e-a8a6-48a4-b8ce-e813c4796ab9,1,1,standard,Monitor,122,7,8212.0,0.7961457766413734,0.7142857142857143,20.0,1,731.5714285714286,1.7213114754098362,0.0,2
871465d8-763d-f593-3677-399c50f5ed41,0,1,standard,Monitor,92,7,5357.142857142857,1.332755430316094,0.42857142857142855,1.5,1,922.8571428571429,2.282608695652174,0.0,0
87a1e515-e2e0-110f-05d1-04f5a83c066a,1,1,standard,Monitor,181,7,14867.285714285714,0.11259652118942905,1.0,25.666666666666668,1,1376.857142857143,1.160220994475138,0.0,0
890b32d9-f754-8150-5a18-8a21fcdf3828,1,0,frequent-late-payer,Proactive collections,426,16,20238.375,0.3034669231926283,0.5625,19.5,1,1483.4375,1.1267605633802817,0.022222222222222223,1
890d247c-e472-92eb-0db7-ca3bc375622c,0,1,standard,Monitor,395,15,12816.666666666666,0.3831204284427517,0.5333333333333333,6.25,0,748.2,1.139240506329114,0.0,0
8971261e-a813-477f-94c0-0a9661dc4c34,1,1,standard,Monitor,67,4,12000.0,0.5034602488997738,0.25,0.0,1,1291.0,1.791044776119403,0.0,0
8996897f-e383-4fca-87f9-654e1b14b3c2,1,1,standard,Monitor,70,4,12750.0,0.43137254901960786,0.25,4.0,0,772.25,1.7142857142857142,0.0,0
89d188b4-94a9-2f97-e068-155ed8ec3f5e,1,0,frequent-late-payer,Proactive collections,943,11,12812.727272727272,0.26106920266000305,0.8181818181818182,21.25,1,779.8181818181819,0.34994697773064687,0.0,1
8aacbc78-5e56-b3c0-f8bc-fcb5490b94f3,1,0,frequent-late-payer,Proactive collections,1568,39,13160.589743589744,0.2784730161613566,0.9230769230769231,34.1764705882353,2,772.7435897435897,0.7461734693877551,0.0,1
8b48adf3-c14a-fa6d-9785-b4bcb35f8fbb,1,0,frequent-late-payer,Proactive collections,396,14,14165.92857142857,0.08823853813194497,1.0,33.76923076923077,1,1657.357142857143,1.0606060606060606,0.0,0
8c10b5c6-4a40-f455-7732-69c9209c6107,0,1,standard,Monitor,181,8,9856.75,0.6387798355599729,0.875,3.6666666666666665,1,1589.0,1.3259668508287292,0.0,0
8e125a87-1a3e-4b52-855b-635c06bafd87,0,1,standard,Monitor,51,4,9000.0,0.6442049363362562,0.75,4.333333333333333,0,865.5,2.3529411764705883,0.0,0
8e39a9bd-3317-b2a6-22a6-16fa4cab9632,1,0,frequent-late-payer,Proactive collections,594,9,14611.111111111111,0.32561109733533083,0.8888888888888888,85.83333333333333,2,1564.4444444444443,0.45454545454545453,0.03896103896103896,1
8fd367e7-7404-4ef6-530b-a40219a48f1e,0,0,frequent-late-payer,Proactive collections,852,15,10943.866666666667,0.5222426969476365,0.6,15.5,1,1604.8666666666666,0.5281690140845071,0.0,2
918b6526-10a3-4e0e-b3d8-7862211d2485,1,1,standard,Monitor,14,3,7500.0,1.0349449797506682,0.3333333333333333,10.0,0,398.6666666666667,3.0,0.0,1
92a15096-be1f-4189-9ea8-c333765d732a,0,1,standard,Monitor,91,6,4832.833333333333,1.2264609331027327,0.3333333333333333,10.0,1,712.5,1.978021978021978,0.0,1
938b7931-4bde-a083-d158-635a65e6da73,0,1,standard,Monitor,61,3,15000.0,0.057735026918962574,0.6666666666666666,30.0,1,1076.0,1.4754098360655739,0.0,0
93eb3d6a-d35b-ef1f-83b8-7430b6ad1674,1,0,frequent-late-payer,Proactive collections,852,29,13974.137931034482,0.05157325060709898,0.5517241379310345,48.4,1,1097.6896551724137,1.0211267605633803,0.0,0
93ffab65-d88d-3bbd-9dba-fc0c764f42f4,0,1,standard,Monitor,92,7,5244.285714285715,1.2929200432040167,0.5714285714285714,21.0,1,532.2857142857143,2.282608695652174,0.0,1
94927866-7ca0-4311-b799-972822792cb8,0,1,standard,Monitor,46,3,10833.333333333334,0.3759012837806343,0.3333333333333333,1.0,0,1226.0,1.9565217391304346,0.0,0
94a44555-23ae-3135-5416-01dc72f3397c,0,0,frequent-late-payer,Proactive collections,1096,6,7560.0,1.080628734306679,0.6666666666666666,362.0,1,247.33333333333334,0.1642335766423358,0.0,0
950dd22f-78fa-d205-48b3-fe5a5cc7438e,1,0,frequent-late-payer,Proactive collections,1688,41,14670.731707317073,0.05158010493005764,0.8536585365853658,27.823529411764707,1,961.560975609756,0.7286729857819906,0.0,0
9541a16d-d020-eb78-80f1-a4a2d4b7775f,1,0,frequent-late-payer,Proactive collections,212,8,24163.25,0.15647315485311244,1.0,24.571428571428573,1,989.125,1.1320754716981132,0.0,0
961c950e-debe-4dd2-8e5f-08bf92bda977,1,1,standard,Monitor,18,2,11460.0,0.37514914743579486,0.5,0.0,1,603.0,2.0,0.0,0
9653a402-ff75-bbdf-8cc6-1cb0ca01f233,1,0,frequent-late-payer,Proactive collections,669,23,13703.347826086956,0.18621872421375432,0.30434782608695654,9.142857142857142,0,1456.1739130434783,1.0313901345291479,0.0,0
9714e9c1-0eab-8c23-1dd7-2071a458be87,0,1,standard,Monitor,184,12,9727.25,0.8029402012581798,1.0,29.8,2,838.1666666666666,1.9565217391304346,0.0,2
9721fe81-75b8-a314-4319-a323cdd3423b,0,0,frequent-late-payer,Proactive collections,488,9,3582.8888888888887,1.533795391354744,0.7777777777777778,73.83333333333333,1,393.0,0.5532786885245902,0.0,1
97df6798-c997-e797-69e0-f9b4b90aa285,0,1,standard,Monitor,334,14,10417.857142857143,0.6144728553980184,0.7142857142857143,8.0,1,336.35714285714283,1.25748502994012,0.0,0
982397b8-b96b-4d87-eb8b-62916e148d45,0,0,frequent-late-payer,Proactive collections,264,10,13050.0,0.35136418446315326,0.9,39.375,1,1094.9,1.1363636363636362,0.0,0
9842fbe1-4d57-13e7-6abf-aed2f18d4ca0,0,0,frequent-late-payer,Proactive collections,794,29,11183.172413793103,0.38090560978230287,0.7931034482758621,28.90909090909091,1,1423.0148275862068,1.0957178841309825,0.0,0
99cb0e3f-ce68-22de-40e4-438506e6b0c3,0,1,standard,Monitor,122,6,7460.5,0.9878429421720827,0.5,30.0,0,1327.3333333333333,1.4754098360655739,0.0,0
9aab8e6f-97e4-131f-c6cd-a91d11668656,0,0,frequent-late-payer,Proactive collections,580,22,16258.09090909091,0.4204006039015116,0.36363636363636365,32.666666666666664,2,1829.0,1.1379310344827587,0.0,0
9b3925f8-4a9e-4735-7dbc-bf5a8dfff4d6,0,1,standard,Monitor,243,11,12640.727272727272,0.6755618290425409,0.45454545454545453,4.5,1,555.4545454545455,1.3580246913580247,0.05128205128205128,0
9c88cc60-ea13-4dd1-9930-ca14ff0c6aa0,0,1,standard,Monitor,59,3,10446.666666666666,0.5962107908474482,0.3333333333333333,1.0,0,1257.6666666666667,1.5254237288135595,0.0,0
9c916618-64b4-6c3e-0d5b-d33a42a6b966,0,1,standard,Monitor,425,16,11567.5,0.3787226168322871,0.6875,7.636363636363637,0,1758.875,1.1294117647058823,0.0,0
9defe9e8-4059-ba6b-5abd-0d1304e73008,1,0,frequent-late-payer,Proactive collections,370,13,11682.384615384615,0.4160309696964604,1.0,33.166666666666664,1,926.1538461538462,1.054054054054054,0.0,2
9e188cc2-9f75-4d15-8fa3-9348236cae71,1,1,standard,Monitor,92,4,14500.0,0.0,0.25,2.0,0,2100.25,1.3043478260869565,0.0,1
9e64e0fa-e34a-1c76-8e4a-1452643fab9a,0,0,frequent-late-payer,Proactive collections,457,16,11753.5,0.37818494388110474,1.0,4.214285714285714,2,2347.9375,1.050328227571116,0.0,0
9eb73523-a830-4796-9317-1a3f4e9e7254,1,1,standard,Monitor,31,5,6058.0,1.1161755006298109,0.4,17.5,0,393.6,4.838709677419354,0.0,1
9f04d505-4407-bee3-3bb2-35e98846f5c0,0,1,standard,Monitor,121,5,11590.6,0.4943271009210496,0.6,8.666666666666666,0,667.4,1.2396694214876034,0.0,0
9fd15f79-3f68-411c-a282-24af6ade0fdb,1,1,standard,Monitor,5,2,9000.0,1.021376461713902,0.5,0.0,1,132.5,2.0,0.0,0
a267e3ee-ef69-4d54-8414-357c81b2eb3c,0,1,standard,Monitor,61,4,7810.5,0.9180254311146502,0.75,20.666666666666668,0,752.0,1.9672131147540985,0.0,1
a38721f4-003a-7262-22a7-44e0f2c0754d,0,0,frequent-late-payer,Proactive collections,732,32,9328.125,0.5905742841784455,0.875,28.51851851851852,1,970.25,1.3114754098360657,0.0,1
a3bd9264-4572-2548-a85d-c48e8880773b,0,1,standard,Monitor,212,10,7907.9,0.9024166553404469,0.4,9.0,1,372.4,1.4150943396226416,0.0,0
a444fc44-8bca-304d-6698-2eae9037323b,0,0,frequent-late-payer,Proactive collections,515,15,16532.733333333334,0.30246848101214296,1.0,67.08333333333333,3,1237.5333333333333,0.8737864077669902,0.0,1
a467df39-5ec5-465e-a471-e2b54be7bc71,1,1,standard,Monitor,99,4,13500.0,0.0,0.25,2.0,0,1427.25,1.2121212121212122,0.0,1
a4709d2c-85e2-3d68-7467-1eaf879ba2c9,1,1,standard,Monitor,243,9,14722.222222222223,0.15849056603773584,0.1111111111111111,9.0,0,885.8888888888889,1.1111111111111112,0.0,0
a4ef95bf-1c7c-4c4d-0497-ae38085af6cc,1,0,frequent-late-payer,Proactive collections,153,6,18975.833333333332,0.06766189663214699,0.8333333333333334,55.333333333333336,2,1095.1666666666667,1.1764705882352942,0.0,0
a4fda539-b878-9e2f-4784-30335f386517,0,1,standard,Monitor,28,2,6750.0,0.9581034993677279,1.0,2.0,1,444.0,2.0,0.0,0
a6037691-771e-8146-3714-f9dedb8acbcc,1,0,frequent-late-payer,Proactive collections,153,6,13201.666666666666,0.17076123204892818,1.0,52.0,2,1486.6666666666667,1.1764705882352942,0.0,0
a61eb28c-5bcb-2c0e-6f0d-aea5a35e9f30,0,1,standard,Monitor,61,7,4142.857142857143,1.7078251276599328,0.2857142857142857,3.0,1,654.0,3.4426229508196724,0.0,0
a64019d6-e321-3cb8-e823-478ced6ff4c2,0,1,standard,Monitor,91,6,5800.0,1.224744871391589,0.3333333333333333,14.0,1,554.1666666666666,1.978021978021978,0.0,0
a66a39a1-af53-6290-1e0b-7fc51cc20608,0,0,frequent-late-payer,Proactive collections,852,32,13419.53125,0.4491456697833547,1.0,46.29032258064516,1,1624.40625,1.1267605633802817,0.029469548133595286,2
a7798da2-f8ee-1840-a1f3-f29a9e764b97,0,0,frequent-late-payer,Proactive collections,898,30,14321.8,0.18529162907753716,1.0,55.3,0,1846.7333333333333,1.0022271714922049,0.0,0
a7dadee2-80e3-eba0-084f-5f1847bb3aa4,1,1,standard,Monitor,181,7,23808.714285714286,0.18794468874957962,0.7142857142857143,20.75,1,1153.857142857143,1.160220994475138,0.0,0
a80f0ed1-4b00-bbc6-7203-370029c6bb04,0,1,standard,Monitor,59,5,5100.0,1.3704916022485911,0.8,12.0,3,211.2,2.5423728813559325,0.0,0
a83c1af9-decf-48ef-8576-c97d8b3ca11b,0,1,standard,Monitor,184,7,16184.714285714286,0.434004062007746,0.5714285714285714,10.666666666666666,1,661.8571428571429,1.141304347826087,0.0,0
a974c0ea-b223-c4ff-2027-207ec4a462ac,0,0,frequent-late-payer,Proactive collections,914,32,15469.5,0.459743768254289,0.96875,30.321428571428573,3,1505.4375,1.050328227571116,0.0,0
aa88d180-8c53-dbe4-70de-ecf38130d3ce,1,0,frequent-late-payer,Proactive collections,181,7,14500.0,0.0,0.8571428571428571,54.0,0,1181.7142857142858,1.160220994475138,0.0,0
ab4b64a7-4f08-89f7-9835-689b479f16bd,0,1,standard,Monitor,62,4,7109.75,0.9881960876243056,1.0,12.0,0,574.0,1.9354838709677418,0.0,0
abd9f8e2-40f4-994c-f326-8ad6c939bb6a,0,1,standard,Monitor,125,7,11919.857142857143,0.9988157152774897,0.7142857142857143,22.0,1,1017.4285714285714,1.68,0.0,0
ac062de4-c552-a0d7-9cc1-cbfe89c2ba68,0,1,standard,Monitor,212,9,10629.0,0.5981432113756138,0.6666666666666666,10.4,1,1483.111111111111,1.2735849056603774,0.0,0
ac5ee6bc-de6f-6f5a-a196-731bff043dc7,0,0,frequent-late-payer,Proactive collections,518,18,18027.777777777777,0.2497909687752433,0.3333333333333333,28.75,2,1327.1666666666667,1.0424710424710426,0.0,0
ac851bed-41fc-0f41-cf0d-214d17cf53cd,0,1,standard,Monitor,181,9,7523.666666666667,0.8853261459248591,0.5555555555555556,2.0,1,1123.2222222222222,1.4917127071823204,0.0,0
ae17092b-b9b3-31a9-8d6a-555889000bbd,0,1,standard,Monitor,123,7,6147.857142857143,1.0914667778446272,0.5714285714285714,12.333333333333334,1,1056.5714285714287,1.707317073170732,0.0,0
ae55ee92-2de5-2688-0d4d-095d6b247552,0,1,standard,Monitor,157,7,9214.285714285714,0.7931006703798515,0.8571428571428571,2.4,1,476.2857142857143,1.3375796178343948,0.0,0
af12a12c-92bf-088b-3073-292fe4dfc478,1,0,frequent-late-payer,Proactive collections,457,16,19342.6875,0.0325316737914522,0.9375,29.428571428571427,1,1605.3125,1.050328227571116,0.0,0
af16fe79-211b-993d-45cc-0c97af4a725c,0,1,standard,Monitor,122,6,10674.666666666666,0.8404020440102538,0.6666666666666666,11.333333333333334,1,1108.0,1.4754098360655739,0.02564102564102564,0
af8d560f-407a-4e9b-49e9-88f54d8671f4,0,1,standard,Monitor,304,12,12352.083333333334,0.2624536513668631,0.08333333333333333,27.0,0,1168.25,1.1842105263157896,0.0,1
b0348aa8-ad9f-d0dd-94e8-c71a6627c930,1,0,frequent-late-payer,Proactive collections,577,20,13400.0,0.015313109732614242,0.75,50.92307692307692,2,1576.05,1.0398613518197573,0.0,0
b0a6f0b5-9fd8-112e-2bfa-24fa8a25779b,1,0,frequent-late-payer,Proactive collections,487,17,15383.764705882353,0.0311529982572173,0.9411764705882353,27.466666666666665,1,858.2352941176471,1.0472279260780286,0.0,0
b111e4dd-be1d-2c79-3945-480547761b5f,0,0,frequent-late-payer,Proactive collections,1147,34,12450.235294117647,0.3586526055793565,1.0,44.96969696969697,1,2366.235294117647,0.8892763731473409,0.0,1
b19dfc6c-a5d5-734c-3d3d-6389c281b3bb,1,0,frequent-late-payer,Proactive collections,822,28,15071.42857142857,0.033437615305713625,0.9642857142857143,30.53846153846154,1,1792.107142857143,1.0218978102189782,0.0,0
b274d6e3-01a3-9f4e-b312-7088b787357d,0,1,standard,Monitor,395,26,6231.423076923077,1.0660620517238297,0.5,7.916666666666667,1,550.4615384615385,1.9746835443037976,0.0,0
b285539d-6e4c-f6f5-ee68-2dc683541067,0,1,standard,Monitor,182,8,10356.625,0.5972166483549137,0.875,49.0,1,987.5,1.3186813186813187,0.0,0
b2c95a31-a85f-5161-1831-d1b5844db7aa,0,1,standard,Monitor,123,8,4897.875,1.2703614712019917,0.75,11.0,1,701.625,1.9512195121951221,0.0,0
b2f85d5d-acf9-7c53-dc5b-0d3b67b462c5,1,1,standard,Monitor,153,7,15636.0,0.4762454921015566,0.8571428571428571,25.6,1,1014.5714285714286,1.3725490196078431,0.0,0
b3002707-86e9-43d5-956d-cf108fb6a23f,1,1,standard,Monitor,97,5,12083.4,0.44719879126950957,0.2,7.0,0,1355.0,1.5463917525773196,0.0,0
b350bfbd-5bbb-d523-c32f-5c5d2cc7e980,0,1,standard,Monitor,123,7,6203.142857142857,1.1448780003148513,0.7142857142857143,1.6666666666666667,2,902.7142857142857,1.707317073170732,0.0,0
b4a50439-db13-dc26-d980-eb079b321460,1,0,frequent-late-payer,Proactive collections,334,12,15456.916666666666,0.00965555083229309,0.9166666666666666,51.333333333333336,2,836.6666666666666,1.0778443113772456,0.0,0
b533de62-fd5f-cc73-01ad-82aaf5df2fd1,0,1,standard,Monitor,488,19,10606.947368421053,0.539487562645608,0.3684210526315789,4.0,1,1113.421052631579,1.168032786885246,0.0,1
b6263381-5732-4544-952b-edde50fdfc28,0,1,standard,Monitor,38,3,8855.0,0.5699958493143239,0.6666666666666666,8.0,0,1945.3333333333333,2.368421052631579,0.0,0
b85e5e22-b8bb-e217-167e-913ce5dc381e,0,1,standard,Monitor,153,8,7834.75,0.9001941216293905,0.625,1.25,1,705.75,1.5686274509803924,0.0,0
b865619d-9980-0806-c5b5-97fee058322e,0,0,frequent-late-payer,Proactive collections,700,25,17909.64,0.2506300481062397,0.92,27.818181818181817,1,2378.8,1.0714285714285714,0.0,0
ba8dd5e0-ed0e-8b6a-7098-2732476feb31,1,0,frequent-late-payer,Proactive collections,1351,29,13275.862068965518,0.01906166907464389,0.4482758620689655,42.90909090909091,2,1764.3793103448277,0.6439674315321984,0.0,0
ba90613b-fe14-4fa4-d646-199878d3f058,0,1,standard,Monitor,93,7,8896.285714285714,1.1249876385038684,1.0,42.333333333333336,4,1141.142857142857,2.258064516129032,0.0,0
bb36c2de-ac80-369b-bef1-b7a9025ad305,0,1,standard,Monitor,157,7,9214.285714285714,0.7931006703798515,0.8571428571428571,2.8,1,476.2857142857143,1.3375796178343948,0.0,0
bca70cc4-b2e4-ba57-6dee-d73dd559f02b,0,1,standard,Monitor,61,5,3900.0,1.3743685418725535,0.8,10.0,3,261.0,2.459016393442623,0.0,0
bcf8ffc1-fd5c-f6ab-0453-7a73c73786dd,1,0,frequent-late-payer,Proactive collections,791,27,14356.518518518518,0.08018102263083747,0.07407407407407407,1.0,0,1461.851851851852,1.0240202275600505,0.0,0
bdc0ce78-4229-0817-69bf-519ad5936b8e,0,1,standard,Monitor,30,3,4711.0,1.1502768096726859,0.6666666666666666,2.5,0,447.3333333333333,3.0,0.0,0
bdcc24e3-6077-3ea9-b25e-2747d0f07be7,1,0,frequent-late-payer,Proactive collections,546,19,14265.78947368421,0.04358938752473473,0.631578947368421,38.8,2,2494.5789473684213,1.043956043956044,0.0,0
be2214d4-f4b5-4c51-825a-83cddbfb06f8,1,1,standard,Monitor,17,4,6665.75,1.2439088818842206,0.5,1.5,0,337.5,4.0,0.0,1
be68c44d-d4d2-478a-7b1e-c9c3fefac406,1,0,frequent-late-payer,Proactive collections,426,15,12810.0,0.20861502801585619,1.0,27.285714285714285,1,1579.5333333333333,1.0563380281690142,0.0,0
be84008a-74d3-3cc1-6fd6-bcef998f7bff,1,0,frequent-late-payer,Proactive collections,761,26,18930.5,0.1056769001501219,1.0,44.4,1,1544.3846153846155,1.0249671484888305,0.0,0
bedf1700-eff3-152d-874d-4c22af0d3a50,0,1,standard,Monitor,92,6,4572.333333333333,1.3824582209641225,0.6666666666666666,15.0,1,790.3333333333334,1.9565217391304346,0.0,1
c02eb961-2471-c285-9c28-fb9a12aaf70a,1,0,frequent-late-payer,Proactive collections,396,16,15685.5,0.36881970552992205,0.8125,25.5,1,1391.9375,1.2121212121212122,0.0,1
c0791d4c-9325-bf1b-30af-7af648c26338,0,0,frequent-late-payer,Proactive collections,1023,7,7692.142857142857,0.980973239202662,0.8571428571428571,42.0,2,762.5714285714286,0.20527859237536655,0.0,6
c084c357-8268-b2c6-76e0-aa7c5b28eace,0,1,standard,Monitor,273,11,9240.09090909091,0.6572051519282327,0.2727272727272727,7.5,1,659.0909090909091,1.208791208791209,0.0,0
c09e703c-d287-38c8-d1c1-239145e17df9,1,0,frequent-late-payer,Proactive collections,1416,41,14670.731707317073,0.05158010493005764,1.0,29.85,1,1095.219512195122,0.8686440677966101,0.0,0
c1113615-d2d6-1d6e-f618-c62e1d2af8de,0,0,frequent-late-payer,Proactive collections,519,8,3487.875,1.5813275545481842,0.75,107.0,1,588.0,0.4624277456647399,0.0,1
c16f5af8-a99c-38c5-d338-56aa819d37ed,0,1,standard,Monitor,73,5,5800.0,1.3693063937629153,0.4,1.0,1,451.4,2.0547945205479454,0.0,0
c1b3479a-b415-c370-ba7c-636b4f4c56d9,0,1,standard,Monitor,154,8,7207.875,0.9613187200987074,0.25,5.0,1,1053.625,1.5584415584415583,0.0,0
c2329858-525d-2f70-5e31-bf9a8358eb3e,1,0,frequent-late-payer,Proactive collections,669,23,14809.217391304348,0.13868338447032616,0.17391304347826086,4.25,0,686.9565217391304,1.0313901345291479,0.0,0
c2f58086-b0e6-4083-b634-acc444ebc69f,1,1,standard,Monitor,31,5,6058.0,1.1161755006298109,0.4,17.0,0,393.6,4.838709677419354,0.0,1
c39e5b6a-5497-09b6-25cc-89f1ea8a608c,0,0,frequent-late-payer,Proactive collections,431,16,9909.5,0.637912351994494,0.875,52.0,3,1283.1875,1.1136890951276102,0.0,1
c3c77367-5f51-f7a7-e667-0e3480f53751,1,1,standard,Monitor,212,8,13915.375,0.11883037343979169,0.25,3.5,0,1316.5,1.1320754716981132,0.0,0
c49181cd-07c5-4c6a-a996-4146d002c886,1,1,standard,Monitor,99,4,13500.0,0.0,0.0,0.0,0,1427.25,1.2121212121212122,0.0,1
c511ac63-cb7e-1453-92d5-ea4ffba1c360,1,1,standard,Monitor,365,13,13924.307692307691,0.14906939577480716,0.46153846153846156,9.166666666666666,0,1762.3076923076924,1.0684931506849316,0.0,0
c61d6da9-3c3c-ce83-9533-0da9eb03e275,0,0,frequent-late-payer,Proactive collections,458,20,11784.4,0.6106498275174063,0.95,25.61111111111111,1,1392.7,1.3100436681222707,0.07210031347962383,1
c675e97a-0958-0695-90b3-49311eec8fd7,1,0,frequent-late-payer,Proactive collections,365,13,14464.0,0.008973993771895991,0.8461538461538461,28.0,1,862.7692307692307,1.0684931506849316,0.0,0
c7e6aeb2-e9e9-328e-5313-6707fdea4eaa,0,1,standard,Monitor,46,3,5526.0,0.9001188917941783,0.6666666666666666,5.5,0,513.6666666666666,1.9565217391304346,0.037037037037037035,0
c9947b7f-26c4-6957-80a1-91eb275ee523,0,1,standard,Monitor,103,7,7442.428571428572,1.2570959379426503,0.14285714285714285,0.0,1,507.7142857142857,2.0388349514563107,0.0,0
ca5764bb-68cb-aca1-8368-dc3e80f681ac,0,0,frequent-late-payer,Proactive collections,574,23,10188.565217391304,0.8371742866443853,0.9565217391304348,101.57894736842105,3,655.1739130434783,1.202090592334495,0.0,2
cb2574c2-6caf-4598-82dc-12b9569a6451,0,1,standard,Monitor,59,3,10446.666666666666,0.5962107908474482,0.3333333333333333,3.0,0,1257.6666666666667,1.5254237288135595,0.0,0
cc559ab3-0859-6b34-259e-1f5c43be7139,0,1,standard,Monitor,122,10,10723.5,1.1179544580390166,0.8,20.625,0,540.9,2.459016393442623,0.0,1
cd2c3f97-4df7-b32f-d0c0-12031beae516,1,0,frequent-late-payer,Proactive collections,852,29,15034.724137931034,0.03544366563835232,0.06896551724137931,1.5,0,1628.551724137931,1.0211267605633803,0.0,0
cda37b51-1bbc-af0d-a560-49af88fdc751,1,0,frequent-late-payer,Proactive collections,730,24,13489.25,0.16966026685531532,0.7916666666666666,43.666666666666664,1,1448.5833333333333,0.9863013698630138,0.0,1
cdfd7474-0325-1b45-657c-35abca5b28ee,0,1,standard,Monitor,372,15,14337.0,0.5613408307625221,0.5333333333333333,12.0,1,1084.6,1.2096774193548387,0.0,0
cebf32f4-3855-47cb-849b-815d2a2b5228,1,1,standard,Monitor,27,3,4500.666666666667,1.5556085030818327,0.3333333333333333,5.0,0,416.0,3.0,0.0,1
cf1318a5-0564-4af6-d90e-c3e76de1ef08,1,0,frequent-late-payer,Proactive collections,1035,35,14854.285714285714,0.04448627408626686,0.9714285714285714,57.0,2,1547.3714285714286,1.0144927536231885,0.0,0
d123a096-4929-ff8c-4efa-a8e4543d3da7,0,1,standard,Monitor,91,6,5338.833333333333,1.4761591103940914,0.6666666666666666,8.333333333333334,1,429.6666666666667,1.978021978021978,0.0,0
d178a884-0bd1-601d-4cd1-042bac71c6db,0,0,frequent-late-payer,Proactive collections,2371,12,12074.0,0.41055510338775747,1.0,107.66666666666667,0,1194.9166666666667,0.15183466891606917,0.0,2
d1e7314f-a799-1441-8adc-a48db20e93da,0,1,standard,Monitor,92,6,8072.5,1.1862868783493783,0.5,26.0,2,748.6666666666666,1.9565217391304346,0.0,0
d225973a-f437-d98e-4e24-0fb32a7bfbe8,1,0,frequent-late-payer,Proactive collections,273,10,15086.7,0.08663056579288983,0.9,37.142857142857146,2,1520.6,1.098901098901099,0.0,0
d2449d75-0593-4deb-a6c2-fae99fc83ab0,0,1,standard,Monitor,91,4,13500.0,0.0,0.5,16.5,0,1419.75,1.3186813186813187,0.0,0
d257c87f-0e42-048c-8409-362e925d86fc,1,0,frequent-late-payer,Proactive collections,852,29,24306.758620689656,0.025299730804484902,0.9310344827586207,56.53846153846154,1,2195.2758620689656,1.0211267605633803,0.025974025974025976,1
d2de48e8-0097-4d6d-8e3d-62ee7c8f2fcd,1,1,standard,Monitor,31,2,14500.0,0.0,0.0,0.0,0,930.0,1.9354838709677418,0.0,0
d3bef05d-1db4-2516-4e44-0c1b2d5ab25f,0,1,standard,Monitor,92,5,6300.0,1.1766391621109045,0.4,1.0,1,740.8,1.6304347826086956,0.0,0
d4890451-59e6-45f4-a75f-b2199aa5a3a7,1,1,standard,Monitor,31,2,19500.0,0.0,0.0,0.0,0,930.0,1.9354838709677418,0.0,0
d497808b-36e2-ea42-d247-85b4e409078c,1,0,frequent-late-payer,Proactive collections,365,16,11937.5,0.46353995645383617,0.875,21.76923076923077,1,1156.5,1.315068493150685,0.0,1
d51c2f8f-9df6-06cb-85f3-47a79b9d5006,0,1,standard,Monitor,212,11,9877.363636363636,0.8706401226878276,0.2727272727272727,7.0,1,1141.4545454545455,1.5566037735849056,0.05263157894736842,0
d58d1d2f-e65b-7705-8ac2-996da0cf28c4,0,1,standard,Monitor,273,11,12172.09090909091,0.4601667009416891,0.18181818181818182,13.5,0,2272.0,1.208791208791209,0.0,0
d6268133-5904-3e9a-6956-9493d2f78a1d,0,1,standard,Monitor,273,11,12756.636363636364,0.34321671399023596,0.45454545454545453,17.6,0,1198.090909090909,1.208791208791209,0.0,0
d6399dd9-db95-454d-8705-856132cdb66b,0,1,standard,Monitor,29,3,4833.333333333333,1.7320508075688774,0.6666666666666666,4.0,0,0.0,3.0,0.0,0
d69476f4-ff97-e238-b732-85cc4b70703d,0,1,standard,Monitor,89,6,7910.666666666667,0.8876928194622303,0.8333333333333334,15.25,1,922.0,2.0224719101123596,0.0,0
d6d33436-345a-e39c-9f8d-91c76dca514e,1,1,standard,Monitor,365,14,12638.0,0.25752860241464987,0.21428571428571427,13.5,1,1230.5714285714287,1.1506849315068495,0.0,1
d6d6b302-4f36-4d0b-8751-2dceccd295bd,0,1,standard,Monitor,68,4,10978.75,0.6758433397040872,0.5,8.0,0,281.25,1.7647058823529411,0.0,0
d751c131-c1c9-4f5c-88f8-7e4c6cb710b3,1,1,standard,Monitor,153,7,10900.857142857143,0.572810765074252,1.0,42.6,2,886.1428571428571,1.3725490196078431,0.0,0
d77b5c1e-605d-6795-5eee-1e2f9b83e069,1,0,frequent-late-payer,Proactive collections,365,15,13133.333333333334,0.36273745742919944,0.6666666666666666,15.11111111111111,1,1233.6666666666667,1.2328767123287672,0.0,1
d8c4b3c5-9b2a-4c6e-b1e8-0a98c9175234,1,1,standard,Monitor,90,4,14266.25,0.032769648646280555,0.75,26.5,1,1786.5,1.3333333333333333,0.0,1
d926094a-e5b5-4bc7-af79-7f822211d3f3,1,1,standard,Monitor,23,5,6535.8,1.2989062562207367,0.8,15.0,1,343.2,5.0,0.0,1
d93d9661-c38b-55ac-e5ac-93c052d45622,0,1,standard,Monitor,122,8,7758.125,1.1817043577903263,0.625,5.5,1,441.125,1.9672131147540985,0.05128205128205128,0
d97ef4f9-a927-a7e9-03a3-fc84f79e19af,0,0,frequent-late-payer,Proactive collections,639,8,6557.875,0.9001568773482259,0.875,26.166666666666668,1,826.375,0.3755868544600939,0.0,2
d9a74fa5-6394-f751-240a-2ff642673fc5,0,1,standard,Monitor,92,5,9020.0,0.7923300968440395,1.0,19.75,1,876.8,1.6304347826086956,0.0,0
daebf82e-6f02-d269-4f9f-109f5cc8af3c,0,0,frequent-late-payer,Proactive collections,651,17,10582.29411764706,0.46568419807912487,0.8235294117647058,27.23076923076923,1,820.9411764705883,0.783410138248848,0.0,0
dd81a269-5627-77bf-d8c4-d2e7d309f56e,0,0,frequent-late-payer,Proactive collections,731,26,11940.76923076923,0.3395485632453327,0.8846153846153846,40.857142857142854,2,1168.1153846153845,1.06703146374829,0.0,0
de481a65-2fb4-4974-b7db-0ec990ea852d,1,1,standard,Monitor,61,4,7810.5,0.9180254311146502,0.75,20.666666666666668,0,752.0,1.9672131147540985,0.0,2
df5ea39c-c069-5211-271d-f0d3831adefa,1,0,frequent-late-payer,Proactive collections,1615,41,13646.341463414634,0.058073828028167816,0.5609756097560976,12.272727272727273,1,1636.0487804878048,0.761609907120743,0.0,0
df6d6dde-434a-e10e-f646-fa8a40be56cc,0,1,standard,Monitor,61,5,2700.0,1.5986105077709065,0.6,3.0,2,420.0,2.459016393442623,0.0,0
dfe72882-2923-e759-ab37-45a4f6c5f1c7,0,1,standard,Monitor,92,5,6987.0,1.1778750361501529,0.8,4.0,1,383.6,1.6304347826086956,0.02564102564102564,0
e0174322-3fb7-483f-91a0-61b903ae3e49,1,1,standard,Monitor,49,3,13433.333333333334,0.2664693550105965,0.0,0.0,0,1070.3333333333333,1.836734693877551,0.0,0
e04a7b1e-bb22-2ccf-a342-9eea602847ff,0,1,standard,Monitor,215,12,7541.666666666667,0.9843617684657947,0.8333333333333334,26.333333333333332,1,749.5833333333334,1.6744186046511627,0.0,1
e093abe2-fae5-a599-2ee8-ce612d47e63e,0,0,frequent-late-payer,Proactive collections,273,11,12772.727272727272,0.44197225182652317,1.0,51.666666666666664,2,1474.5454545454545,1.208791208791209,0.0,0
e10472f5-6434-2a96-6c28-13939f90427f,0,1,standard,Monitor,92,6,7405.833333333333,0.8782588700775866,0.5,6.666666666666667,0,641.0,1.9565217391304346,0.0,0
e110dfeb-9c9e-94b6-2874-e7615a27c229,0,1,standard,Monitor,61,4,7207.0,0.8526509519430205,0.75,4.666666666666667,0,803.25,1.9672131147540985,0.0,0
e17238d1-34ce-0cbb-4dc0-f65e60ff52f7,1,0,frequent-late-payer,Proactive collections,546,19,19349.63157894737,0.02285026301757855,0.9473684210526315,36.35294117647059,1,1757.6842105263158,1.043956043956044,0.0,0
e1b0693a-105d-db49-8722-6a8a1c87579d,0,1,standard,Monitor,92,5,7722.6,1.3334695442230953,0.8,16.333333333333332,1,1078.4,1.6304347826086956,0.0,0
e233ae7e-605b-92bf-31a6-0378b74a09fd,0,1,standard,Monitor,92,6,4819.5,1.1901494273539732,0.6666666666666666,4.333333333333333,1,580.5,1.9565217391304346,0.0,0
e2ee0891-8bc9-980a-ba57-b0a11ba15019,0,1,standard,Monitor,59,4,7379.5,1.1145422172868906,0.5,14.5,0,493.0,2.0338983050847457,0.0,0
e426d68a-16d2-9097-ff7d-ae2521fb52e5,0,0,frequent-late-payer,Proactive collections,1295,7,18242.0,0.13205167213655009,0.2857142857142857,10.5,0,961.4285714285714,0.16216216216216217,0.0,1
e42a35e1-fb1e-c1c2-3bbc-674788bfa890,0,0,frequent-late-payer,Proactive collections,657,19,9468.368421052632,0.6041305974261689,0.631578947368421,40.44444444444444,3,713.578947368421,0.8675799086757991,0.0,1
e43d640c-3d0c-c63c-52af-626feca768b5,0,1,standard,Monitor,212,10,9464.0,0.7068469171600507,0.4,6.0,1,1424.3,1.4150943396226416,0.0,0
e457493c-1fc6-a2cf-a2a6-22b48ef8706e,0,1,standard,Monitor,38,3,5166.666666666667,1.732050807568877,0.6666666666666666,6.0,1,221.0,2.368421052631579,0.0,0
e494eb69-def2-556d-3bb9-7c4124ed109e,0,1,standard,Monitor,93,5,7540.0,0.9653769536931641,0.4,13.0,1,659.6,1.6129032258064515,0.0,0
e51d0052-6144-0814-9748-12b1e6c3b68a,0,1,standard,Monitor,212,10,8332.1,0.8389139740847251,0.5,13.666666666666666,2,807.3,1.4150943396226416,0.0,0
e54f192a-b17b-11b9-0448-1cf4ecbe5f43,0,0,frequent-late-payer,Proactive collections,664,10,10794.6,0.6902472947670228,0.9,31.4,4,1455.1,0.45180722891566266,0.0,3
e6dde6a9-4da9-d1a2-802a-faf5db207e8e,1,0,frequent-late-payer,Proactive collections,1065,35,12882.8,0.25983464792842065,0.7142857142857143,31.833333333333332,1,1537.4571428571428,0.9859154929577465,0.0,2
e8623393-ddec-fad5-91bf-c880b6345031,0,1,standard,Monitor,127,6,8761.666666666666,0.7756112106863822,0.6666666666666666,2.0,1,1218.6666666666667,1.4173228346456692,0.0,0
e94dc9d5-cb52-49ec-80b1-98376aceb874,0,0,frequent-late-payer,Proactive collections,537,17,10843.411764705883,0.5853609211957355,0.35294117647058826,13.5,4,580.4705882352941,0.9497206703910616,0.0,0
e99afa10-6249-3f5b-4364-da75f89e34f9,0,1,standard,Monitor,151,6,12774.166666666666,0.13918100110667025,0.8333333333333334,21.0,1,1075.3333333333333,1.1920529801324504,0.0,1
ea7863ad-a459-79f5-e28d-4311e51922c1,0,0,frequent-late-payer,Proactive collections,1096,5,9072.0,0.8974106566338392,0.8,362.0,1,296.8,0.13686131386861314,0.0,0
eb7de080-f310-4225-66d6-f15dc51fefcd,0,1,standard,Monitor,227,12,8493.833333333334,0.7139082613033285,0.9166666666666666,33.875,3,506.0833333333333,1.5859030837004406,0.0,1
ec6bd398-2413-2c67-18db-10bdd92ee4f9,1,0,frequent-late-payer,Proactive collections,426,15,24706.666666666668,0.1243618505662932,1.0,28.357142857142858,1,1668.2666666666667,1.0563380281690142,0.0,0
ed39a8a9-4855-634a-3b2b-063622187757,0,0,frequent-late-payer,Proactive collections,436,16,8829.75,0.6146000760645784,0.9375,55.18181818181818,4,745.0625,1.1009174311926606,0.0,0
edee54e5-b970-ea10-551f-b156c26d8f0a,1,0,frequent-late-payer,Proactive collections,852,10,9666.4,0.6540153149564266,0.9,36.166666666666664,3,1110.2,0.35211267605633806,0.0,4
ee4c9007-7674-8d77-244b-b681167c945d,0,1,standard,Monitor,212,10,8783.8,0.7330186951872983,0.4,2.3333333333333335,1,1334.8,1.4150943396226416,0.0,0
ee61dd03-6eb9-0d71-8bf4-a01ac422b8be,0,1,standard,Monitor,365,14,11125.0,0.49193943623450975,0.2857142857142857,13.25,0,940.2142857142857,1.1506849315068495,0.0,0
f16a668c-ea8a-b26d-9dff-4da3c53fccc7,0,1,standard,Monitor,122,5,15400.0,0.014519921931816816,0.8,25.666666666666668,1,1938.4,1.2295081967213115,0.0,0
f2764421-c336-0b17-7318-6908f1ce4a72,0,1,standard,Monitor,212,11,7985.272727272727,0.8337491036043538,0.45454545454545453,2.75,1,1213.4545454545455,1.5566037735849056,0.0,0
f284b25b-d762-1399-a12e-ba7ffa6b6f97,1,0,frequent-late-payer,Proactive collections,577,20,15206.45,0.046547438966618865,0.6,50.4,2,980.0,1.0398613518197573,0.0,0
f295149c-bcb1-4d48-93ce-d2ea593d29c3,0,1,standard,Monitor,60,3,12629.333333333334,0.22528927090037376,0.0,0.0,0,1330.0,1.5,0.0,0
f2a00e3d-de04-40a3-6f41-a3ebfcab4a3c,1,0,frequent-late-payer,Proactive collections,365,13,14392.076923076924,0.027037250407414205,0.9230769230769231,26.545454545454547,1,964.1538461538462,1.0684931506849316,0.0,0
f2d14ca3-b37b-9e02-78c3-46a7603d8a6b,0,1,standard,Monitor,181,9,7171.888888888889,1.0189334865782935,0.5555555555555556,15.0,2,602.0,1.4917127071823204,0.0,1
f50bb3e2-c8d0-59ce-baaf-017ad9240186,0,0,frequent-late-payer,Proactive collections,854,8,3865.25,1.7016692493977303,0.875,279.0,4,625.25,0.28103044496487123,0.0,0
f59fa4ad-6dca-c7e7-d459-5326609a6412,1,1,standard,Monitor,181,7,13839.285714285714,0.3174901573277509,0.2857142857142857,8.0,0,1113.0,1.160220994475138,0.0,0
f6c5c3d2-ceda-6c7f-aa96-359c7dc9ee92,0,0,frequent-late-payer,Proactive collections,249,10,15600.0,0.5270462766947299,0.7,43.6,2,1588.4,1.2048192771084336,0.0,0
f70ae790-e17b-aca8-a21a-82ddd895450b,1,0,frequent-late-payer,Proactive collections,638,5,15639.258000000002,0.3290775492323365,0.8,280.5,2,514.2,0.23510971786833856,0.0,1
f77c1bcf-16d6-03e4-a541-7ee504583fa1,0,1,standard,Monitor,20,2,1887.0,1.414213562373095,0.5,16.0,0,0.0,2.0,0.0,0
f7b7f5b3-6e63-4ae3-8a79-515d431392fa,0,1,standard,Monitor,19,3,8166.666666666667,0.9291879541087519,1.0,14.666666666666666,0,481.3333333333333,3.0,0.03225806451612903,0
f7d24c55-ed4d-270d-81fd-fb50566001d5,0,1,standard,Monitor,92,7,7292.571428571428,0.9862105035580969,0.7142857142857143,4.0,1,650.8571428571429,2.282608695652174,0.0,1
f8723af2-2adb-2870-b160-e1ad562524be,0,0,frequent-late-payer,Proactive collections,276,12,10095.416666666666,0.6496905942047221,0.9166666666666666,43.75,3,1141.6666666666667,1.3043478260869565,0.0,0
f9036b0b-f6ae-2444-5d3d-ac81e4964064,0,1,standard,Monitor,100,5,9940.0,1.0360610145659905,0.8,9.0,1,829.4,1.5,0.0,0
f91c2854-a88b-4630-b2a6-c48401e4dd14,1,1,standard,Monitor,70,4,16040.5,0.43134565630747174,0.5,2.0,1,1585.0,1.7142857142857142,0.0,0
f9eb9b23-5f60-4ec4-b990-8313323bb759,1,1,standard,Monitor,122,5,14113.4,0.06125128460196825,0.8,28.666666666666668,1,1858.8,1.2295081967213115,0.0,0
fc3a7af3-d462-ffa0-bf10-348fe7f764f5,0,1,standard,Monitor,92,5,7142.0,0.953048819008129,0.4,5.0,1,1212.4,1.6304347826086956,0.0,0
fc8a412e-e0d4-35e1-37fa-5f798b7dc7f4,0,0,frequent-late-payer,Proactive collections,365,13,15500.0,0.0,0.9230769230769231,26.0,0,1401.4615384615386,1.0684931506849316,0.0,1
fd1d6483-722f-9ff9-67bd-a98f7e3f42af,0,0,frequent-late-payer,Proactive collections,1096,9,10337.222222222223,0.7253925081305663,0.7777777777777778,178.0,1,788.8888888888889,0.24635036496350365,0.0,0
fede9d18-47bd-03b2-a0a3-73ae43fbcf88,0,1,standard,Monitor,365,17,8846.235294117647,0.7182149446271737,0.7058823529411765,6.7272727272727275,1,936.9411764705883,1.3972602739726028,0.0,0
