property,location,signal_type,signal_value,first_party_url,evidence,retrieval_date,provenance,confidence_status,vishful_internal_fact,candidate_action,decision_link,would_new_scraping_change_decision,scraping_reason
market aggregate (first-party sources),Thiruvanmiyur/Adyar/Perungudi (coarse),published_amenity,AC availability published on 3 first-party sources,phase3_playwright_market_research.csv,3 first-party sites publish AC availability,2026-08-17,phase3_market_signals.csv / phase3_playwright_market_research.csv (first-party),market_context_medium,Vishful AC = VERIFIED_PRESENT; 5 vacant beds in AC-verified apartments,Highlight verified AC on the 5 AC-associated vacant beds,DEC-AMEN-AC,no,AC already VERIFIED from Vishful assets + market signal already collected
market aggregate (first-party sources),coarse,published_amenity,Wi-Fi published on 5 first-party sources,phase3_playwright_market_research.csv,5 first-party sites publish Wi-Fi,2026-08-17,phase3_market_signals.csv / phase3_playwright_market_research.csv (first-party),market_context_medium,Vishful Wi-Fi = VERIFIED_PRESENT (own assets/issue data),Highlight verified Wi-Fi in Vishful marketing,DEC-AMEN (marketing),no,Vishful amenity already proven from own data; signal already collected
market aggregate (first-party sources),coarse,published_amenity,Food published on 4 first-party sources,phase3_playwright_market_research.csv,4 first-party sites publish Food,2026-08-17,phase3_market_signals.csv / phase3_playwright_market_research.csv (first-party),market_context_medium,Vishful Food = UNKNOWN (not in Vishful data),Do NOT advertise Food; verify internally before any claim,owner_input_gate,no,"gap is Vishful's OWN status (owner input), not a market data gap — scraping cannot resolve it"
market aggregate (first-party sources),coarse,published_amenity,Parking published on 3 first-party sources,phase3_playwright_market_research.csv,3 first-party sites publish Parking,2026-08-17,phase3_market_signals.csv / phase3_playwright_market_research.csv (first-party),market_context_medium,Vishful Parking = UNKNOWN (not in Vishful data),Do NOT advertise Parking; verify internally before any claim,owner_input_gate,no,"gap is Vishful's OWN status (owner input), not a market data gap — scraping cannot resolve it"
market aggregate (first-party sources),coarse,published_amenity,Security/CCTV published on 2 first-party sources,phase3_playwright_market_research.csv,2 first-party sites publish Security/CCTV,2026-08-17,phase3_market_signals.csv / phase3_playwright_market_research.csv (first-party),market_context_medium,Vishful Security/CCTV = UNKNOWN (not in Vishful data),Do NOT advertise Security/CCTV; verify internally before any claim,owner_input_gate,no,"gap is Vishful's OWN status (owner input), not a market data gap — scraping cannot resolve it"
market aggregate (first-party sources),coarse,published_amenity,Power backup published on 1 first-party sources,phase3_playwright_market_research.csv,1 first-party sites publish Power backup,2026-08-17,phase3_market_signals.csv / phase3_playwright_market_research.csv (first-party),market_context_medium,Vishful Power backup = UNKNOWN (not in Vishful data),Do NOT advertise Power backup; verify internally before any claim,owner_input_gate,no,"gap is Vishful's OWN status (owner input), not a market data gap — scraping cannot resolve it"
market aggregate (first-party sources),coarse,sharing_configuration,2-sharing is a first-party market-published configuration,phase3_playwright_market_research.csv,2-sharing appears in first-party rendered sources,2026-08-17,phase3_market_signals.csv / phase3_playwright_market_research.csv (first-party),market_context_medium,"Vishful has 5 vacant 2-sharing bed(s), ₹67,500/mo at risk",Promote available Vishful 2-sharing inventory,DEC-VAC-Double,no,both sides already evidenced; new scraping adds nothing
market aggregate,Vishful locality cluster (coarse),locality_concentration,35 competitors in thiruvanmiyur (coarse),phase3_competitor_master.csv (aggregate),PG/co-living supply density in Vishful's own locality,2026-08-17,phase3_market_signals.csv / phase3_playwright_market_research.csv (first-party),market_context_low,Vishful has 14 vacant beds,Locality-targeted marketing for available inventory,DEC-LOC-MKT,no,"locality density already known; refine via Vishful's own leads-by-locality, not more scraping"
market,area,published_price,only 1 first-party comparable per-bed source (Diyaa),https://menspg.in/,public first-party per-bed x sharing x AC price is not published by the cluster,2026-08-17,phase3_market_signals.csv / phase3_playwright_market_research.csv (first-party),insufficient_sample,Vishful uses OWN rate card (rate_card #43) for pricing review,Keep pricing INTERNAL (rate card + fill signal); do NOT build a market price benchmark,DEC-PRICEREV-*,no,tested Groq+Apify+static+Playwright -> 1 comparable; more scraping cannot produce a valid benchmark and must never fabricate
